tweet_id,created_at,text,likes,retweeted,location,language,airline
1337174739765383170,2020-12-10 23:17:56,"[#AmericanAirlines] Introduces Elite Choice Rewards for Platinum Pro and Executive Platinum members, enhancements f‚Ä¶ https://t.co/zzHHaMzCtW",0,False,"Los Angeles, CA",en,#Americanairlines
1337170319241515008,2020-12-10 23:00:22,American AAdvantage Members to Get a Gift https://t.co/ulo1Hr2srS #americanairlines https://t.co/0ZXp9mgpSd,1,False,"Phoenix, AZ",en,#Americanairlines
1337147034483249154,2020-12-10 21:27:50,The tradition returns with a twist! Cruise through familiar parts of the Dallas Zoo &amp; marvel at over a million ligh‚Ä¶ https://t.co/5ygngEQEP9,0,False,"McAllen, Texas",en,#Americanairlines
1337144833841000458,2020-12-10 21:19:05,Another great flight from @AmericanAir! Thank you Kaitlin and Vincent for being amazing flight attendants! Now off‚Ä¶ https://t.co/YiMtni14RH,0,False,United States,en,#Americanairlines
1337138056147636233,2020-12-10 20:52:10,American‚Äôs AAdvantage Program Reveals Elite Choice Rewards for Platinum Pro and Executive Platinum Members‚Ä¶ https://t.co/7exAnCh5ar,2,False,"Phoenix, AZ",en,#Americanairlines
1337125191563042816,2020-12-10 20:01:02,American Airlines Will Soon Offer üè° At-home üò∑ COVID-19 Testing for Domestic üõ´ Travel https://t.co/aQravjXups‚Ä¶ https://t.co/NoZs2VYLwP,0,False,"Las Vegas, Nevada",en,#Americanairlines
1337118095752761345,2020-12-10 19:32:51,@ShellShockb4 @NCGal333 @AmericanAir Everyone wears masks. Flying is completely sanitary and safe. #AmericanAirlines ‚ù§Ô∏è‚úàÔ∏è,0,False,"Plano, TX",en,#Americanairlines
1337072184255188992,2020-12-10 16:30:24,RT @elisiashoppe: Set of Two #AmericanAirlines Airline #Coasters - Vintage May Be Unused Lot ENDS SOON     https://t.co/xSoR8HtXFQ via @eBay,0,False,"Staten Island, NY",en,#Americanairlines
1337070761954205698,2020-12-10 16:24:45,RT @elisiashoppe: Set of Two #AmericanAirlines Airline #Coasters - Vintage May Be Unused Lot ENDS SOON     https://t.co/xSoR8HtXFQ via @eBay,0,False,,en,#Americanairlines
1337069984866914304,2020-12-10 16:21:40,RT @elisiashoppe: Set of Two #AmericanAirlines Airline #Coasters - Vintage May Be Unused Lot ENDS SOON     https://t.co/xSoR8HtXFQ via @eBay,0,False,Canada,en,#Americanairlines
1337069072454799366,2020-12-10 16:18:03,RT @elisiashoppe: Set of Two #AmericanAirlines Airline #Coasters - Vintage May Be Unused Lot ENDS SOON     https://t.co/xSoR8HtXFQ via @eBay,0,False,Huntington Beach Calif. USA,en,#Americanairlines
1337068646691123201,2020-12-10 16:16:21,RT @elisiashoppe: Set of Two #AmericanAirlines Airline #Coasters - Vintage May Be Unused Lot ENDS SOON     https://t.co/xSoR8HtXFQ via @eBay,0,False,"Staten Island, NY",en,#Americanairlines
1337068355879100417,2020-12-10 16:15:12,@WFAE #AmericanAirlines is complaining already?  Get real,0,False,North Carolina,en,#Americanairlines
1337060987883712512,2020-12-10 15:45:55,"Toilet plume is the dirty secret the #airlines don't address in their happy talk about cleaning, masks, middle seat‚Ä¶ https://t.co/uS1noN61sC",0,False,,en,#Americanairlines
1337060391424233473,2020-12-10 15:43:33,"RT @NAAedu: Brazilian Airline GOL has become the first to operate a Boeing 737 MAX flight since it was grounded 20 months ago!

https://t.c‚Ä¶",0,False,Winfield BC,en,#Americanairlines
1337053017464573963,2020-12-10 15:14:15,"RT @TravelAgentMall: International consolidator fares are often lower than the published fares.

 View more: https://t.co/MJ1pkZNZiI

#amer‚Ä¶",0,False,"Southfield, MI",en,#Americanairlines
1337053002159566850,2020-12-10 15:14:11,"RT @TravelAgentMall: TravelAgentMall brings you the best deals on American Airlines.
visit: https://t.co/6W6hhhozdO
#AmericanAirlines #Best‚Ä¶",0,False,"Southfield, MI",en,#Americanairlines
1337050593198796804,2020-12-10 15:04:37,#OneWorld News: Alaska Airlines announces benefits; American Airlines upgrades Platinum Pro to Emerald; Qatar Airwa‚Ä¶ https://t.co/jbU7ZIca5Z,5,False,instagram.com/livefromalounge,en,#Americanairlines
1337037663615012865,2020-12-10 14:13:14,RT @elisiashoppe: Set of Two #AmericanAirlines Airline #Coasters - Vintage May Be Unused Lot ENDS SOON     https://t.co/xSoR8HtXFQ via @eBay,0,False,,en,#Americanairlines
1337033406329348096,2020-12-10 13:56:19,RT @skygoflycom: American Airlines Cargo Conducts COVID-19 Vaccine Trial Flights from Miami to South America https://t.co/YMdlr0ENBU #ameri‚Ä¶,0,False,,en,#Americanairlines
1337029315947614208,2020-12-10 13:40:04,I hate flying out of JAN #WORSTFLIGHTS #AMERICANAIRLINES ITS 40 degrees and the pilot had on air . Flight attendant‚Ä¶ https://t.co/K6ptElo0sy,0,False,"Big Talk, CEO",en,#Americanairlines
1337020666076401664,2020-12-10 13:05:42,RT @elisiashoppe: Set of Two #AmericanAirlines Airline #Coasters - Vintage May Be Unused Lot ENDS SOON     https://t.co/xSoR8HtXFQ via @eBay,0,False,"Merrick, New York",en,#Americanairlines
1337017654360596480,2020-12-10 12:53:44,RT @elisiashoppe: Set of Two #AmericanAirlines Airline #Coasters - Vintage May Be Unused Lot ENDS SOON     https://t.co/xSoR8HtXFQ via @eBay,0,False,,en,#Americanairlines
1337010471849750529,2020-12-10 12:25:11,"Find the best ticket deals for flights to #Boston now. Airlines that offer flights to Boston are #JetBlue,‚Ä¶ https://t.co/Lyv6pggzMl",0,False,"Florida, USA",en,#Americanairlines
1336994570119344129,2020-12-10 11:22:00,#AmericanAirlines goes full throttle to restore #Boeing #737MAX fleet https://t.co/eVs7A3bKZW,0,False,"Montr√©al, Canada",en,#Americanairlines
1336973186471170049,2020-12-10 09:57:02,"American Airlines offers at-home COVID tests for US travel üòé 
@AmericanAir 

https://t.co/uWY7gUoEHv‚Ä¶ https://t.co/jpnRN9YQSt",1,False,"New York City, USA",en,#Americanairlines
1336956932314247168,2020-12-10 08:52:26,RT @skygoflycom: American Airlines Cargo Conducts COVID-19 Vaccine Trial Flights from Miami to South America https://t.co/YMdlr0ENBU #ameri‚Ä¶,0,False,–õ√ò∆ú–Ω∆êÂ∞∫∆ê ∆ê≈Å„Çâ∆ê,en,#Americanairlines
1336928798793748480,2020-12-10 07:00:39,American Airlines Cargo Conducts COVID-19 Vaccine Trial Flights from Miami to South America https://t.co/YMdlr0ENBU‚Ä¶ https://t.co/4GYk8tA62S,4,False,"Phoenix, AZ",en,#Americanairlines
1336909480542359553,2020-12-10 05:43:53,RT @elisiashoppe: Set of Two #AmericanAirlines Airline #Coasters - Vintage May Be Unused Lot ENDS SOON     https://t.co/xSoR8HtXFQ via @eBay,0,False,"Wasilla, Ak",en,#Americanairlines
1336872684999696386,2020-12-10 03:17:40,RT @mark_clinton75: You can find your way back home when you know where you parked your car #skyharbor #americanairlines #lookmodels #sanfr‚Ä¶,0,False,Los Angeles,en,#Americanairlines
1336845411361972226,2020-12-10 01:29:18,Ready for the #redeye ‚úàÔ∏è #flightattendant #flightattendantlife #assistentedivolo #americanairlines @fly_hostess_‚Ä¶ https://t.co/o2f8IdCofM,0,False,"Miami Beach, FL",en,#Americanairlines
1336837296772018177,2020-12-10 00:57:03,"This #Unlearn #Podcast Steven and I dive into the realities 
#AmericanAirlines had to face to be better;
-Stop thin‚Ä¶ https://t.co/cdpFOZzRCH",0,False,"San Francisco, CA",en,#Americanairlines
1336821846184964097,2020-12-09 23:55:39,RT @elisiashoppe: Set of Two #AmericanAirlines Airline #Coasters - Vintage May Be Unused Lot ENDS SOON     https://t.co/xSoR8HtXFQ via @eBay,0,False,NJ,en,#Americanairlines
1336819918885576704,2020-12-09 23:48:00,"I got a flight with @AmericanAir back in Apr of this year. I had to reschedule, so I was given a #FlightCredit . Ba‚Ä¶ https://t.co/Gw71VY2RQo",0,False,,en,#Americanairlines
1336819848266047490,2020-12-09 23:47:43,The max is back #737MAX #AmericanAirlines #smooth #Boeing737MAX #Boeing https://t.co/Jl3sQhwjUh,0,False,st Louis,en,#Americanairlines
1336814444395970561,2020-12-09 23:26:15,"American Airlines Will Soon Offer At-home COVID-19 Testing for Domestic Travel
The domestic at-home testing initiat‚Ä¶ https://t.co/9RZFEL7YIX",0,False,"California, USA",en,#Americanairlines
1336808177896218625,2020-12-09 23:01:20,RT @ehatourist: Around the World: An Introduction #travel https://t.co/kyij37ZQAQ #airlinelounges #americanairlines #aroundtheworld,0,False,"New Delhi, India",en,#Americanairlines
1336808069486026755,2020-12-09 23:00:55,Around the World: An Introduction #travel https://t.co/kyij37ZQAQ #airlinelounges #americanairlines #aroundtheworld,0,False,"Earth, probably",en,#Americanairlines
1336799429244936192,2020-12-09 22:26:35,üì∑ American Airlines B777s #boeinglover #americanairlines #AA #aircarftmaintenance #b777 https://t.co/OAyTmT2RRn https://t.co/WtIEM4AYWr,0,False,NYCJFK,en,#Americanairlines
1336799423893016577,2020-12-09 22:26:33,American Airlines B777s  #boeinglover #americanairlines #AA #aircarftmaintenance #b777 https://t.co/r0ZGVL074b,0,False,NYCJFK,en,#Americanairlines
1336790237708738560,2020-12-09 21:50:03,"#AmericanAirlines offers at-home #COVID tests for US travel
https://t.co/RBjNnMUrx8",0,False,Turkey / ƒ∞stanbul,en,#Americanairlines
1336778577006780416,2020-12-09 21:03:43,@AmericanAir I‚Äôm waiting for ur reply and sent you a dm as u advised! Until then I will keep making everyone aware‚Ä¶ https://t.co/EKeFOoHyG4,0,False,www.christinagrady.com,en,#Americanairlines
1336776392357388289,2020-12-09 20:55:02,#AmericanAirlines Expands Domestic Preflight #Covid19 Testing: https://t.co/WgRFm29L3H,0,False,,en,#Americanairlines
1336762706267942915,2020-12-09 20:00:39,"American Airlines to offer at home COVID-19 testing kits for domestic travelers. 
https://t.co/okIxwdiVgW‚Ä¶ https://t.co/8SUdSUEt5d",0,False,,en,#Americanairlines
1336735899053400073,2020-12-09 18:14:08,[#AmericanAirlines] Expanding Pre-flight COVID testing option https://t.co/kPCeYsew0d,0,False,"Los Angeles, CA",en,#Americanairlines
1336733851956240386,2020-12-09 18:06:00,#AmericanAirlines is about to start offering at-home #COVID19 tests to domestic fliers in order to help them meet v‚Ä¶ https://t.co/OUjKrGuFnX,3,False,New Delhi,en,#Americanairlines
1336732898335059976,2020-12-09 18:02:12,Washington Post Reporting: American Airlines will offer coronavirus testing kits you can do at home‚Ä¶ https://t.co/dQKKTeQLeT,1,False,WorldWide Information,en,#Americanairlines
1336727633359478786,2020-12-09 17:41:17,Set of Two #AmericanAirlines Airline #Coasters - Vintage May Be Unused Lot ENDS SOON     https://t.co/xSoR8HtXFQ via @eBay,3,False,,en,#Americanairlines
1336702231937249281,2020-12-09 16:00:21,Brazilian Airline GOL has become the first to operate a Boeing 737 MAX flight since it was grounded 20 months ago!‚Ä¶ https://t.co/wDpRfNHUBM,0,False,Tampa Bay & New England,en,#Americanairlines
1336692877955641346,2020-12-09 15:23:11,"#AmericanAirlines offers at-home #COVID #tests for US travel 

https://t.co/R5Jy1Fmy3S",0,False,,en,#Americanairlines
1336691627134504965,2020-12-09 15:18:13,The airline is the first to conduct such a programme in the U.S. and plans to expand this as state testing requirem‚Ä¶ https://t.co/UhfvpHrCZo,0,False,"London, United Kingdom",en,#Americanairlines
1336690367559856130,2020-12-09 15:13:12,American Airlines Offers Preflight COVID-19 Testing for All US Destinations with Travel Requirements‚Ä¶ https://t.co/EtgghDt8Ns,0,False,"Goodyear, AZ",en,#Americanairlines
1336690210072039430,2020-12-09 15:12:35,American Airlines Offers Preflight COVID-19 Testing for All US Destinations with Travel Requirements‚Ä¶ https://t.co/tHv0909xzL,1,False,"Phoenix, AZ",en,#Americanairlines
1336687043888476160,2020-12-09 15:00:00,American Airlines is extending its at-home testing programme to all domestic passengers bound for US destinations w‚Ä¶ https://t.co/kaBwyPiewl,0,False,Global Travel Management,en,#Americanairlines
1336683570862108674,2020-12-09 14:46:12,"This time next week, I will be boarding @AmericanAir to go to Canc√∫n! 2020 has been such a rough year and I need th‚Ä¶ https://t.co/upABvvbsOf",2,False,,en,#Americanairlines
1336682454673854465,2020-12-09 14:41:46,"Find the best ticket deals for flights to Omaha now. Airlines that offer flights to Omaha are #AlaskaAirlines, Alle‚Ä¶ https://t.co/r25wpPHSKU",0,False,"Florida, USA",en,#Americanairlines
1336679374423289858,2020-12-09 14:29:31,"New airports soon! Look out on the discord for new announcements!

Never know...... might do an admirals club give‚Ä¶ https://t.co/mpEVM5hhj0",1,False,,en,#Americanairlines
1336677854340407299,2020-12-09 14:23:29,RT @NicOseiNews: #AmericanAirlines is rolling out its expansion of preflight at-home #COVID19 tests for domestic passengers traveling to pl‚Ä¶,0,False,"Flower Mound, TX",en,#Americanairlines
1336671821249339394,2020-12-09 13:59:31,RT @diecastryan: I hopped off the plane at üé∂ #lax #losangeles #laxairport #americanair #americanairlines #aviation #aviationlover #aviation‚Ä¶,0,False,"Buenos Aires, Argentina",en,#Americanairlines
1336669304566243328,2020-12-09 13:49:30,RT @NicOseiNews: #AmericanAirlines is rolling out its expansion of preflight at-home #COVID19 tests for domestic passengers traveling to pl‚Ä¶,0,False,"DFW, Texas",en,#Americanairlines
1336647462447149057,2020-12-09 12:22:43,RT @NicOseiNews: #AmericanAirlines is rolling out its expansion of preflight at-home #COVID19 tests for domestic passengers traveling to pl‚Ä¶,0,False,"Dallas, TX",en,#Americanairlines
1336647427512741888,2020-12-09 12:22:35,#AmericanAirlines is rolling out its expansion of preflight at-home #COVID19 tests for domestic passengers travelin‚Ä¶ https://t.co/tOVkTG8IzF,2,False,"Dallas, TX",en,#Americanairlines
1336631785711603712,2020-12-09 11:20:25,"Fly, Robbi, Fly. About to board Reno Air to Miami.  #heritagejet #renoair #americanairlines #dfwairport #travel‚Ä¶ https://t.co/H1Wv4ydQRy",0,False,"Planet Earth or Irving, Texas",en,#Americanairlines
1336609675156975616,2020-12-09 09:52:34,"THANK YOU @AmericanAir 
for us to be able to do the Covid 19test at home! #eliteplatinumlifetime #americanairlines‚Ä¶ https://t.co/973a3MWrJM",1,False,"Beverly Hills, CA",en,#Americanairlines
1336604026083930112,2020-12-09 09:30:07,RT @BTN_News: American Airlines rolls out comprehensive domestic Covid-19 testing #AmericanAirlines #AA #LetsGetChecked  https://t.co/kvOzK‚Ä¶,0,False,United States,en,#Americanairlines
1336603257234448384,2020-12-09 09:27:04,American Airlines rolls out comprehensive domestic Covid-19 testing #AmericanAirlines #AA #LetsGetChecked  https://t.co/kvOzKXbA9v,0,False,Global,en,#Americanairlines
1336593099330555906,2020-12-09 08:46:42,RT @_Think_Forward_: RT @TheRealRossMan: Delta 717-200 Rotate into the sunset. 5 Dec 2020 #aviation #aviationphotography #aviationlovers #a‚Ä¶,0,False,Worldwide,en,#Americanairlines
1336590271631532033,2020-12-09 08:35:28,RT @TheRealRossMan: Delta 717-200 Rotate into the sunset. 5 Dec 2020 #aviation #aviationphotography #aviationlovers‚Ä¶ https://t.co/9Qcz1RXghi,1,False,,en,#Americanairlines
1336577271721758722,2020-12-09 07:43:48,"@AmericanAir arriving at @TorontoPearson from @DFWAirport in the @airbus A321-211

#americanairlines #americanair‚Ä¶ https://t.co/Gz8EdP1FHe",1,False,Pearson International Airport,en,#Americanairlines
1336541857711616000,2020-12-09 05:23:05,"O‚ÄôHare, Midway plan to open COVID-19 testing sites next week as American Airlines widens access to at-home tests‚Ä¶ https://t.co/EyvocsDsZp",0,False,"Mount Prospect, IL",en,#Americanairlines
1336539141702606849,2020-12-09 05:12:17,Signs of normality are slowly returning to airline lounges #americanairlines #pointsettia #losangeles #lax‚Ä¶ https://t.co/riGfSy1nga,0,False,"Oxford, England",en,#Americanairlines
1336526740718415872,2020-12-09 04:23:01,RT @TheRealRossMan: Delta 717-200 Rotate into the sunset. 5 Dec 2020 #aviation #aviationphotography #aviationlovers #aviationdaily #aviatio‚Ä¶,0,False,Êù±‰∫¨23Âå∫„Éª‰∏≠Â§ÆÁ∑öÊ≤ø„ÅÑ,en,#Americanairlines
1336489352025821190,2020-12-09 01:54:26,RT @TheRealRossMan: Delta 717-200 Rotate into the sunset. 5 Dec 2020 #aviation #aviationphotography #aviationlovers #aviationdaily #aviatio‚Ä¶,0,False,Hamburg/Germany and TXL ,en,#Americanairlines
1336488540507693067,2020-12-09 01:51:13,"RT @stoxline: Tuesday #NASDAQ Top 100 Volume Leaders
#Curis Inc. ( $CRIS) Buy
#AmericanAirlines ( $AAL) Buy
#FuelCell Energy ( $FCEL) -
#Ap‚Ä¶",0,False,,en,#Americanairlines
1336483720883101698,2020-12-09 01:32:04,The Secret 787 Dreamliner Compartment Few Travellers Know About #787Dreamliner #AmericanAirlines #ZachGriff‚Ä¶ https://t.co/zhMXgYpWmX,1,False,Australia,en,#Americanairlines
1336480215711719424,2020-12-09 01:18:08,"Sabre Airline Partners Joint Promotion Festival Special Japan Airlines &amp; American Airlines Periode December 2020

D‚Ä¶ https://t.co/BSEbprB3e2",0,False,Indonesia,en,#Americanairlines
1336474903739043842,2020-12-09 00:57:02,"Flying to a city with travel restrictions? @AmericanAir Airlines will send you a COVID test
#Airline101 #Airlines‚Ä¶ https://t.co/Qzyh9PgRmL",0,False,Coming to an Airport near you,en,#Americanairlines
1336473955029270528,2020-12-09 00:53:16,Passengers will receive results before take-off. If reported positive they will not be allowed to board the flight.‚Ä¶ https://t.co/rvwcEO5f4y,0,False,,en,#Americanairlines
1336473849085394944,2020-12-09 00:52:50,Nasal swab kits will be sold at $129 dollars starting later on this week.Kits are required to be submitted three da‚Ä¶ https://t.co/I1dRbylvZI,0,False,,en,#Americanairlines
1336473746186543106,2020-12-09 00:52:26,American Airlines will begin selling its passengers Covid-19 take home testing kits before their upcoming flights t‚Ä¶ https://t.co/2cDsriogXz,0,False,,en,#Americanairlines
1336468137185865728,2020-12-09 00:30:08,"Tuesday #NASDAQ Top 100 Volume Leaders
#Curis Inc. ( $CRIS) Buy
#AmericanAirlines ( $AAL) Buy
#FuelCell Energy (‚Ä¶ https://t.co/fMhnTr5h9r",3,False,USA,en,#Americanairlines
1336460973952077824,2020-12-09 00:01:41,RT @TheRealRossMan: Delta 717-200 Rotate into the sunset. 5 Dec 2020 #aviation #aviationphotography #aviationlovers #aviationdaily #aviatio‚Ä¶,0,False,Worldwide,en,#Americanairlines
1336459456306147335,2020-12-08 23:55:39,Delta 717-200 Rotate into the sunset. 5 Dec 2020 #aviation #aviationphotography #aviationlovers #aviationdaily‚Ä¶ https://t.co/SBCDIseOzS,11,False,Some Airport around Virginia,en,#Americanairlines
1336454057943130112,2020-12-08 23:34:12,"#AmericanAirlines will offer #COVID19 tests to #travelers flying to US states w/restrictions
Purchase online $129 P‚Ä¶ https://t.co/o15IgYJGMV",0,False,Northern California USA,en,#Americanairlines
1336453099138015234,2020-12-08 23:30:23,Covid Test: @AmericanAir &amp; @LetsGetChecked offering at home Covid Test for all flights to U.S destinations‚Ä¶ https://t.co/VVs9vG2VxL,0,False,Coming to an Airport near you,en,#Americanairlines
1336452931844005891,2020-12-08 23:29:43,Covid Test: @AmericanAir &amp; @LetsGetChecked offering at home Covid Test for all flights to U.S destinations‚Ä¶ https://t.co/DBFRT38sKo,0,False,Coming to an Airport near you,en,#Americanairlines
1336452253058650112,2020-12-08 23:27:01,"The at-home testing program will be available to people flying to any of the 14 cities, states, and territories wit‚Ä¶ https://t.co/eD1j5DtoVP",0,False,"Silicon Valley, CA",en,#Americanairlines
1336434603998007308,2020-12-08 22:16:54,American Airlines Offers Preflight Covid Testing For All US Destinations with Travel Requirements.‚Ä¶ https://t.co/jrW0q93NyB,1,False,"Sunset Beach, NC",en,#Americanairlines
1336434587736690691,2020-12-08 22:16:50,American Airlines Offers Preflight Covid Testing For All US Destinations with Travel Requirements.‚Ä¶ https://t.co/vBRMMfLWDe,2,False,Global,en,#Americanairlines
1336434506706796544,2020-12-08 22:16:30,#Breaking- American Airlines is offering at home coronavirus testing for all passengers flying to U.S. destinations‚Ä¶ https://t.co/yQjYcZaytQ,1,False,DC + Silicon Valley + LA,en,#Americanairlines
1336416791057342465,2020-12-08 21:06:07,"#RT @phocuswire: LIVE BLOG: American easing the way for pre-flight, at-home COVID tests

https://t.co/QkJAa2kOXG vi‚Ä¶ https://t.co/pyLTEelhVU",0,False,"Miami, FL",en,#Americanairlines
1336415370568151042,2020-12-08 21:00:28,American AAdvantage Members to Get a Gift https://t.co/ulo1Hr2srS #americanairlines https://t.co/PUor9M0tEi,1,False,"Phoenix, AZ",en,#Americanairlines
1336407730878205952,2020-12-08 20:30:06,@AmericanAir is the worst. They knowing hired terrorists the past #americanairlines #faail #youarewhywefly #faamily‚Ä¶ https://t.co/jlAjqDnfRc,1,False,,en,#Americanairlines
1336407600284504069,2020-12-08 20:29:35,@AmericanAir is one corrupt company #americanairlines #faail #youarewhywefly #faamily #americanair #fuckdougparker‚Ä¶ https://t.co/Vz5JDKoARe,1,False,,en,#Americanairlines
1336407446797971457,2020-12-08 20:28:59,@AmericanAir is the worst #americanairlines #faail #youarewhywefly #faamily #americanair #fuckdougparker‚Ä¶ https://t.co/hNQ8PW7MVT,1,False,,en,#Americanairlines
1336403171430764549,2020-12-08 20:11:59,"RT @phocuswire: LIVE BLOG: American easing the way for pre-flight, at-home COVID tests

https://t.co/G6TAkOQhSD via @PhocusWire #coronaviru‚Ä¶",0,False,,en,#Americanairlines
1336402342585962497,2020-12-08 20:08:42,"LIVE BLOG: American easing the way for pre-flight, at-home COVID tests

https://t.co/G6TAkOQhSD via @PhocusWire‚Ä¶ https://t.co/kfnyiCo5q0",0,False,"New York, USA",en,#Americanairlines
1336400556672360450,2020-12-08 20:01:36,"American easing the way for preflight, at-home Covid tests https://t.co/c2e8UuQjtw #americanairlines #aa‚Ä¶ https://t.co/BYEdm1Edpv",0,False,"Delray Beach, FL",en,#Americanairlines
1336392716821868546,2020-12-08 19:30:27,American Airlines starts offering $129 at-home Covid tests for U.S. travel to avoid quarantines‚Ä¶ https://t.co/CTfSkGFlwY,0,False,WorldWide Information,en,#Americanairlines
1336374748754927623,2020-12-08 18:19:03,RT @skygoflycom: The first airliner I ever flew:  American DC-10 https://t.co/cbrBthERNv #americanairlines #dc10 https://t.co/9MCOV5b3mX,0,False,"Potsdam, Germany",en,#Americanairlines
1336366233596416004,2020-12-08 17:45:13,The first airliner I ever flew:  American DC-10 https://t.co/cbrBthERNv #americanairlines #dc10 https://t.co/9MCOV5b3mX,3,False,"Phoenix, AZ",en,#Americanairlines
1336358073259200515,2020-12-08 17:12:47,"""#AmericanAirlines starts offering $129 at-home Covid tests for U.S. travel to avoid quarantines"" ‚Äî‚Äî&gt;  https://t.co/baEuPPoa1R",0,False,"Akron, OH, USA",en,#Americanairlines
1336353290687275019,2020-12-08 16:53:47,RT @disabilityscoop: #AmericanAirlines says it has reversed a policy that inadvertently kept travelers from bringing motorized #wheelchairs‚Ä¶,0,False,"Montgomery, AL",en,#Americanairlines
1336351621903736832,2020-12-08 16:47:09,"Winter Sunset on my last departure at LHR. @HeathrowAirport @AmericanAir  @BT77W  

#americanairlines #AvGeek‚Ä¶ https://t.co/kOVbdLVVWz",2,False,"London, UK",en,#Americanairlines
1336348571403161600,2020-12-08 16:35:02,"#AmericanAirlines to offer the ""lets get checked"" ""virus"" tests for $129 on flights",1,False,,en,#Americanairlines
1336348001355362305,2020-12-08 16:32:46,"#AmericanAirlines selling at-home #coronavirus tests in effort to boost #travel |

https://t.co/lSogXM7Ero #Avgeek #Paxex",0,False,SoFlo,en,#Americanairlines
1336342591747596293,2020-12-08 16:11:16,"Brilliant, @AmericanAir! ‚ù§Ô∏è

Visit our #COVID19 information portal to learn more about what #AmericanAirlines and t‚Ä¶ https://t.co/cN6v2KGFw2",8,False,,en,#Americanairlines
1336337191966937093,2020-12-08 15:49:49,"RT @justplanes: üé• @AmericanAir DC-10 at JFK (1993)
‚û°Ô∏è https://t.co/fqRu4Xnflz

#avgeek #aa #american #americanairlines #dc10 #douglasdc10 #‚Ä¶",0,False, United Kingdom,en,#Americanairlines
1336337122236612609,2020-12-08 15:49:32,American Airlines starts offering $129 at-home Covid tests for U.S. travel to avoid quarantines #americanairlines‚Ä¶ https://t.co/3S4Ud8ZPES,0,False,,en,#Americanairlines
1336335013143404548,2020-12-08 15:41:09,RT @disabilityscoop: #AmericanAirlines says it has reversed a policy that inadvertently kept travelers from bringing motorized #wheelchairs‚Ä¶,0,False,"Delaware, USA",en,#Americanairlines
1336333006781304834,2020-12-08 15:33:11,RT @skygoflycom: The first airliner I ever flew:  American DC-10 https://t.co/cbrBthERNv #americanairlines #dc10 https://t.co/RRJT0hwgFR,0,False, United Kingdom,en,#Americanairlines
1336318240574869504,2020-12-08 14:34:30,"Cashing in on the #Covid19/#coronavirus #Xidemic. More #airline ""#fees &amp; #surcharges"" target passengers like the #9‚Ä¶ https://t.co/bxQ80ETbwb",0,False,"Counter-hegemonic Resistance in China's Hong Kong
Visualizing Protest in the City https://www.springer.com/gp/book/9789812872357",en,#Americanairlines
1336317246902243329,2020-12-08 14:30:33,"Travel: @AmericanAir Airlines offers $129 at-home Covid tests for U.S. travel 
#Airline101 #CovidTesting #Travel‚Ä¶ https://t.co/Z88D3woP4h",1,False,Coming to an Airport near you,en,#Americanairlines
1336302148431335427,2020-12-08 13:30:34,#N804AN #americanairlines #DreamLiner #Boeing what a beauty üõ´ https://t.co/UWYZwULYdc,1,False, United Kingdom,en,#Americanairlines
1336275965186609152,2020-12-08 11:46:31,RT @TheRealRossMan: American Eagle ERJ-145LR N680AE 6 Dec 2020 Taxi During Sunset #aviation #aviationphotography #aviationlovers #aviationd‚Ä¶,0,False,Worldwide,en,#Americanairlines
1336275751868502016,2020-12-08 11:45:40,American Eagle ERJ-145LR N680AE 6 Dec 2020 Taxi During Sunset #aviation #aviationphotography #aviationlovers‚Ä¶ https://t.co/l3E6xwpNDP,7,False,Some Airport around Virginia,en,#Americanairlines
1336263359289815040,2020-12-08 10:56:26,RT @disabilityscoop: #AmericanAirlines says it has reversed a policy that inadvertently kept travelers from bringing motorized #wheelchairs‚Ä¶,0,False,,en,#Americanairlines
1336263276175495168,2020-12-08 10:56:06,"The @Nasdaq Stock Market ended the session with @AmericanAir rising 4.94% to $17.21 on Monday, after five successiv‚Ä¶ https://t.co/gpOfff86Sl",2,False,,en,#Americanairlines
1336258772545789952,2020-12-08 10:38:12,Montana appointed treasurer with American Airlines #AA #AmericanAirlines  https://t.co/chWyZ96Fam,1,False,Global,en,#Americanairlines
1336240656721862657,2020-12-08 09:26:13,"American and United Begin Furloughing More Than 32,000 Employees https://t.co/JP6mLgeFgv #americanairlines",0,False,"Goodyear, AZ",en,#Americanairlines
1336200806769381378,2020-12-08 06:47:52,This was the 54th Edition of the Famous Airshow. It's the first time since World War II that this event has been ca‚Ä¶ https://t.co/31skEqzmDO,0,False,,en,#Americanairlines
1336192781988093953,2020-12-08 06:15:59,I follow so many flight attendants who party and vacation hard and never have on a damn mask . And testing before y‚Ä¶ https://t.co/uXTOgomiUE,1,False,Maryland,en,#Americanairlines
1336184224332853249,2020-12-08 05:41:58,"RT @PWDforMaryland: What are the most significant changes to traveling by air with service animals as a result of @USDOT final rule?

https‚Ä¶",0,False,"Washington, DC",en,#Americanairlines
1336175151898120192,2020-12-08 05:05:55,Thanks #americanairlines for ending a relaxing weekend with a lack of service or concern. I have no idea if our bags made the flight.,0,False,"Nashville, Tennessee",en,#Americanairlines
1336171513465118720,2020-12-08 04:51:28,Got to watch the HUD today on a 777-200 series from Orlando to Dallas.  That‚Äôs a pretty amazing plane!  Anyone else‚Ä¶ https://t.co/eeAEVEsL7C,1,False,,en,#Americanairlines
1336169267029565443,2020-12-08 04:42:32,RT @skygoflycom: American Airlines Cargo Conducts COVID-19 Vaccine Trial Flights from Miami to South America https://t.co/YMdlr0ENBU #ameri‚Ä¶,0,False,–õ√ò∆ú–Ω∆êÂ∞∫∆ê ∆ê≈Å„Çâ∆ê,en,#Americanairlines
1336165041641582594,2020-12-08 04:25:45,"Covid News: @AmericanAir Trial flights for Covid-19 Vaccine 
#Airline101 #CovidNews #COVID19 #AmericanAirlines‚Ä¶ https://t.co/NcsYC6NptC",0,False,Coming to an Airport near you,en,#Americanairlines
1336164939745128451,2020-12-08 04:25:21,RT @disabilityscoop: #AmericanAirlines says it has reversed a policy that inadvertently kept travelers from bringing motorized #wheelchairs‚Ä¶,0,False,"VA, USA",en,#Americanairlines
1336158761422041088,2020-12-08 04:00:48,American Airlines Cargo Conducts COVID-19 Vaccine Trial Flights from Miami to South America https://t.co/YMdlr0ENBU‚Ä¶ https://t.co/pXvwrMVkOy,4,False,"Phoenix, AZ",en,#Americanairlines
1336152715735539714,2020-12-08 03:36:46,#AmericanAirlines says it has reversed a policy that inadvertently kept travelers from bringing motorized‚Ä¶ https://t.co/W9heHsJllz,7,False,,en,#Americanairlines
1336151108146900993,2020-12-08 03:30:23,"RT @PWDforMaryland: What are the most significant changes to traveling by air with service animals as a result of @USDOT final rule?

https‚Ä¶",0,False,,en,#Americanairlines
1336123961042751490,2020-12-08 01:42:30,Monday work #dcview #AmericanAirlines https://t.co/ddFBIGEsQq,0,False,,en,#Americanairlines
1336113060621258752,2020-12-08 00:59:12,The airlines and airports are telling employees who show no symptoms &amp; tested positive for Covid to go to work anyw‚Ä¶ https://t.co/wAOfPUbrpC,0,False,Florida U.S.A.,en,#Americanairlines
1336100906522251267,2020-12-08 00:10:54,"RT @PWDforMaryland: What are the most significant changes to traveling by air with service animals as a result of @USDOT final rule?

https‚Ä¶",0,False,"Baltimore, Maryland",en,#Americanairlines
1336091735483674624,2020-12-07 23:34:27,"RT @aviationtag_com: üí• The American Airlines ‚ÄúMAD DOG‚Äù tag edition! üí•

Get your bag-tag made from authentic aircraft skin of the former Ame‚Ä¶",0,False,,en,#Americanairlines
1336086372822749184,2020-12-07 23:13:09,#AmericanAirlines is on the do not fly list.  This flight is overpacked not COVID 19 friendly I have on two masks t‚Ä¶ https://t.co/neIsKD2T9h,0,False,"Richmond, VA",en,#Americanairlines
1336072246645968908,2020-12-07 22:17:01,"RT @onceinstolaf: A new video series by #AmericanAirlines featuring flight attendant Jacqueline Brown discussing HEPA filters.

#AvGeek üë®‚Äçüíª‚Ä¶",0,False,Worldwide,en,#Americanairlines
1336071491033604096,2020-12-07 22:14:01,A new video series by #AmericanAirlines featuring flight attendant Jacqueline Brown discussing HEPA filters.‚Ä¶ https://t.co/oHQvoFToNI,0,False,"Salem, OR",en,#Americanairlines
1336057933763915781,2020-12-07 21:20:08,What are the most significant changes to traveling by air with service animals as a result of @USDOT final rule?‚Ä¶ https://t.co/6ifVW8u8Sb,2,False,,en,#Americanairlines
1336056074902892545,2020-12-07 21:12:45,RT @FlyDAB: Have travel plans in your future? DAB and @AmericanAir will take you from Daytona Beach to @DFWAirport and @PHLAirport without‚Ä¶,0,False,Daytona,en,#Americanairlines
1336056042850029568,2020-12-07 21:12:37,RT @FlyDAB: Have travel plans in your future? DAB and @AmericanAir will take you from Daytona Beach to @DFWAirport and @PHLAirport without‚Ä¶,0,False,Daytona Beach,en,#Americanairlines
1336046375507791876,2020-12-07 20:34:13,"RT @aviationtag_com: üí• The American Airlines ‚ÄúMAD DOG‚Äù tag edition! üí•

Get your bag-tag made from authentic aircraft skin of the former Ame‚Ä¶",0,False,"S√£o Bernardo do Campo, SP",en,#Americanairlines
1336033513271926785,2020-12-07 19:43:06,"RT @TiffanyAlaniz: BREAKING: American Airlines Boeing 737 MAX carrying passengers touches down in Tulsa for first time since grounding.  
T‚Ä¶",0,False,"San Jos√©, Costa Rica",en,#Americanairlines
1336025371838394378,2020-12-07 19:10:45,The only thing I could do when #americanairlines fucked up my flight and had me stuck in Dallas for the night...STR‚Ä¶ https://t.co/TPRDbLSzv1,4,False,United States,en,#Americanairlines
1336019234133078016,2020-12-07 18:46:22,Thank you Anna with @AmericanAir for the great customer service at MCO Gate 56 üíó #AmericanAirlines,1,False,"Florida, USA",en,#Americanairlines
1335972587676037121,2020-12-07 15:41:00,"RT @RiceUNews: ‚ÄúI don‚Äôt want it to be depressing, but if you are in an oligopolistic business, that‚Äôs exactly what happens,‚Äù says @Rice_Biz‚Ä¶",0,False,"Houston, TX",en,#Americanairlines
1335951716295077892,2020-12-07 14:18:04,"RT @RiceUNews: ‚ÄúI don‚Äôt want it to be depressing, but if you are in an oligopolistic business, that‚Äôs exactly what happens,‚Äù says @Rice_Biz‚Ä¶",0,False,"Houston, TX",en,#Americanairlines
1335949241727021062,2020-12-07 14:08:14,"‚ÄúI don‚Äôt want it to be depressing, but if you are in an oligopolistic business, that‚Äôs exactly what happens,‚Äù says‚Ä¶ https://t.co/7FXsduRzhf",2,False,"Houston, TX",en,#Americanairlines
1335932280280395781,2020-12-07 13:00:50,"Monday morning, digging my heels in and staying positive. Hopefully 2021 will bring some positive news about liftin‚Ä¶ https://t.co/exVcXcX0rQ",3,False,UK,en,#Americanairlines
1335801474060791809,2020-12-07 04:21:04,"[#AmericanAirlines] Puts its Seattle-Bangalore flights for sale, even though it won't fly the route until October 21 https://t.co/wy46BdDnzF",0,False,"Los Angeles, CA",en,#Americanairlines
1335743933763248133,2020-12-07 00:32:25,"#Nasdaq stocks to watch on Monday:
#AmericanAirlines ( $AAL)
#Biocryst Pharma ( $BCRX)
#Intel ( $INTC)
#Riot‚Ä¶ https://t.co/0AUL9RjqgL",3,False,USA,en,#Americanairlines
1335736433760301056,2020-12-07 00:02:37,RT @KTC_Photography: #AmericanAirlines #Boeing 777-200ER N776AN departing #PHX this morning. #planespotting https://t.co/YNDN7SLDdK,0,False,,en,#Americanairlines
1335728607667347458,2020-12-06 23:31:31,RT @KTC_Photography: #AmericanAirlines #Boeing 777-200ER N776AN departing #PHX this morning. #planespotting https://t.co/YNDN7SLDdK,0,False,Worldwide,en,#Americanairlines
1335726122860834816,2020-12-06 23:21:38,#AmericanAirlines #Boeing 777-200ER N776AN departing #PHX this morning. #planespotting https://t.co/YNDN7SLDdK,12,False,,en,#Americanairlines
1335724147352145921,2020-12-06 23:13:47,"Until the #pandemic has been declared officially over, all airlines should be avoiding selling middle seats to be S‚Ä¶ https://t.co/TVVHy35Ode",0,False,Chicago by way of Phoenix,en,#Americanairlines
1335683566827687941,2020-12-06 20:32:32,Getting on #AmericanAirlines flight AA2798 to WPB and wow! The  gate attendant was super rude and the flight is pac‚Ä¶ https://t.co/kyiGKTj54q,0,False,,en,#Americanairlines
1335674130398654464,2020-12-06 19:55:02,"Leaving Miami to Dallas, AA flight, window view. In route to Minneapolis. Long day...
Copyright Patricio Crooker/20‚Ä¶ https://t.co/Hk7OrAmv4K",1,False,La Paz,en,#Americanairlines
1335672366710611972,2020-12-06 19:48:02,RT @diecastryan: I hopped off the plane at üé∂ #lax #losangeles #laxairport #americanair #americanairlines #aviation #aviationlover #aviation‚Ä¶,0,False,"Buenos Aires, Argentina",en,#Americanairlines
1335663907697008646,2020-12-06 19:14:25,Absolutely terrible experience flying #AmericanAirlines. #COVID19 may as well not exist as they cram us into the pl‚Ä¶ https://t.co/68PNumzgct,1,False,"North Carolina, USA",en,#Americanairlines
1335645289307394051,2020-12-06 18:00:26,American AAdvantage Members to Get a Gift https://t.co/ulo1Hr2srS #americanairlines https://t.co/Y61NkjHxqq,0,False,"Phoenix, AZ",en,#Americanairlines
1335627318581219333,2020-12-06 16:49:02,#AmericanAirlines Reverses Policy That Imposed Weight Limit On #Wheelchairs. #accessibility #inclusion‚Ä¶ https://t.co/IqbA0wlcPS,0,False,"Rockville, Virginia",en,#Americanairlines
1335617852284444673,2020-12-06 16:11:25,"RT @aviationtag_com: üí• The American Airlines ‚ÄúMAD DOG‚Äù tag edition! üí•

Get your bag-tag made from authentic aircraft skin of the former Ame‚Ä¶",0,False,#ForeverWithBAP,en,#Americanairlines
1335600895707504641,2020-12-06 15:04:02,"RT @aviationtag_com: üí• The American Airlines ‚ÄúMAD DOG‚Äù tag edition! üí•

Get your bag-tag made from authentic aircraft skin of the former Ame‚Ä¶",0,False,,en,#Americanairlines
1335593141504761856,2020-12-06 14:33:13,@AmericanAir #AmericanAirlines shows how bad they are in the #HomeAlone movies.,0,False,"West Virginia, USA",en,#Americanairlines
1335577641785626625,2020-12-06 13:31:38,RT @diecastryan: I hopped off the plane at üé∂ #lax #losangeles #laxairport #americanair #americanairlines #aviation #aviationlover #aviation‚Ä¶,0,False,,en,#Americanairlines
1335527752053755904,2020-12-06 10:13:23,2003 Boeing 767-323 (ER) | N348AN | American Airlines at LAS Airport October 2018 #AmericanAirlines #Boeing767‚Ä¶ https://t.co/YlQ4lcUT4t,0,False,,en,#Americanairlines
1335503073473597442,2020-12-06 08:35:19,RT @TheRealRossMan: American Eagle ERJ-145LR N663AR On Arrival 5 Dec 2020 #aviation #aviationphotography‚Ä¶ https://t.co/qYOVeU65Cn,0,False,,en,#Americanairlines
1335446031027249152,2020-12-06 04:48:39,Day 157 - Flight. Flying to @iflymia on @AmericanAir with @timtamtrak five years ago today on a @Boeing 767-300. ‚úàÔ∏è‚Ä¶ https://t.co/dbfg2QifPc,1,False,"Fullerton, California",en,#Americanairlines
1335446029660020739,2020-12-06 04:48:39,"How Robert Crandall Cut Costs At @AmericanAir In The 1980s - Simple Flying 
#Airline101 #Airlines #Crandall‚Ä¶ https://t.co/KEOmfZXPPY",0,False,Coming to an Airport near you,en,#Americanairlines
1335441521202634752,2020-12-06 04:30:44,@PollackcpaM I flew on #americanairlines in sept &amp; the man next to me coughed for 2.5 hours of a full/packed flight‚Ä¶ https://t.co/XQhUdWDF6E,1,False,"Warwick, RI",en,#Americanairlines
1335434632829997056,2020-12-06 04:03:22,"In conclusion, today we learned not to upgrade, it‚Äôs a scam and #AmericanAirlines is the awful company you think th‚Ä¶ https://t.co/rtlA6TnqeM",4,False,"Baltimore, MD",en,#Americanairlines
1335383966954614784,2020-12-06 00:42:02,#OANNewsroom #64milliondoses #AmericanAirlines #Atlanta U.S. healthcare workers prepare for potential COVID-19 vacc‚Ä¶ https://t.co/Ujo5Eghbpm,0,False,Canada,en,#Americanairlines
1335382327850131456,2020-12-06 00:35:31,RT @News12LI: #AmericanAirlines to help keep approved #COVID19 vaccines stored safely at the right temperatures before transporting them. h‚Ä¶,0,False,"New York, New York",en,#Americanairlines
1335382246036037632,2020-12-06 00:35:12,RT @News12WC: #AmericanAirlines to help keep approved #COVID19 vaccines stored safely at the right temperatures before transporting them. h‚Ä¶,0,False,"New York, New York",en,#Americanairlines
1335380768672129024,2020-12-06 00:29:20,"@AmericanAir Yeah...nahhh. You plan on flying those death traps #737MAX 100 of them. So no, not so great.
Not flyin‚Ä¶ https://t.co/8UTz9PNheo",0,False,"Florida, USA",en,#Americanairlines
1335358989404676101,2020-12-05 23:02:47,RT @skygoflycom: American Airlines Cargo Conducts COVID-19 Vaccine Trial Flights from Miami to South America https://t.co/YMdlr0ENBU #ameri‚Ä¶,0,False,"Lima, Per√∫",en,#Americanairlines
1335358398565654528,2020-12-05 23:00:26,American Airlines Cargo Conducts COVID-19 Vaccine Trial Flights from Miami to South America https://t.co/YMdlr0ENBU‚Ä¶ https://t.co/q2lyclkhVC,0,False,"Phoenix, AZ",en,#Americanairlines
1335358291224903680,2020-12-05 23:00:01,#AmericanAirlines to help keep approved #COVID19 vaccines stored safely at the right temperatures before transporti‚Ä¶ https://t.co/IEb8BxLVDB,9,False,New Jersey,en,#Americanairlines
1335358290146906114,2020-12-05 23:00:00,#AmericanAirlines to help keep approved #COVID19 vaccines stored safely at the right temperatures before transporti‚Ä¶ https://t.co/pkS71gkCPu,2,False,"Yonkers, NY",en,#Americanairlines
1335358289870159877,2020-12-05 23:00:00,#AmericanAirlines to help keep approved #COVID19 vaccines stored safely at the right temperatures before transporti‚Ä¶ https://t.co/HfehduRaiD,0,False,"W. Nyack, NY",en,#Americanairlines
1335358288897208326,2020-12-05 23:00:00,#AmericanAirlines to help keep approved #COVID19 vaccines stored safely at the right temperatures before transporti‚Ä¶ https://t.co/SktLOro2z4,1,False,"Brooklyn, NY",en,#Americanairlines
1335358288649539584,2020-12-05 23:00:00,#AmericanAirlines to help keep approved #COVID19 vaccines stored safely at the right temperatures before transporti‚Ä¶ https://t.co/jsq3xRRsf7,0,False,"Bronx, NY",en,#Americanairlines
1335358287680663553,2020-12-05 23:00:00,#AmericanAirlines to help keep approved #COVID19 vaccines stored safely at the right temperatures before transporti‚Ä¶ https://t.co/ZN0OyPS0yp,6,False,"Norwalk, CT",en,#Americanairlines
1335344704720875521,2020-12-05 22:06:01,RT @News12LI: #AmericanAirlines to help keep approved #COVID19 vaccines stored safely at the right temperatures before transporting them. h‚Ä¶,0,False,"East Meadow, NY",en,#Americanairlines
1335343967853027328,2020-12-05 22:03:06,RT @News12LI: #AmericanAirlines to help keep approved #COVID19 vaccines stored safely at the right temperatures before transporting them. h‚Ä¶,0,False,"New York, New York",en,#Americanairlines
1335343247028342784,2020-12-05 22:00:14,RT @News12: #AmericanAirlines to help keep approved #COVID19 vaccines stored safely at the right temperatures before transporting them. htt‚Ä¶,0,False,,en,#Americanairlines
1335343240225153027,2020-12-05 22:00:12,RT @News12LI: #AmericanAirlines to help keep approved #COVID19 vaccines stored safely at the right temperatures before transporting them. h‚Ä¶,0,False,,en,#Americanairlines
1335343189465595904,2020-12-05 22:00:00,#AmericanAirlines to help keep approved #COVID19 vaccines stored safely at the right temperatures before transporti‚Ä¶ https://t.co/TsVP1O8qyg,12,False,"Long Island, NY",en,#Americanairlines
1335343188954009606,2020-12-05 22:00:00,#AmericanAirlines to help keep approved #COVID19 vaccines stored safely at the right temperatures before transporti‚Ä¶ https://t.co/6ff8thJdlR,2,False,United States,en,#Americanairlines
1335328507220602882,2020-12-05 21:01:39,RT @TheRealRossMan: American Eagle ERJ-145LR N663AR On Arrival 5 Dec 2020 #aviation #aviationphotography #aviationlovers #aviationdaily #av‚Ä¶,0,False,Worldwide,en,#Americanairlines
1335327261713723392,2020-12-05 20:56:43,American Eagle ERJ-145LR N663AR On Arrival 5 Dec 2020 #aviation #aviationphotography #aviationlovers #aviationdaily‚Ä¶ https://t.co/INZaIKkCO5,3,False,Some Airport around Virginia,en,#Americanairlines
1335291814346063874,2020-12-05 18:35:51,Not looking forward to work tomorrow after getting home 5+ hours later than expected #AmericanAirlines,0,False,,en,#Americanairlines
1335291811913293824,2020-12-05 18:35:51,"After nearly a nearly 11 hour layover from plane issues, being up since 3 am and won‚Äôt be home for another 7-8 hour‚Ä¶ https://t.co/lDluiMto03",0,False,,en,#Americanairlines
1335290147571634179,2020-12-05 18:29:14,"American and United Begin Furloughing More Than 32,000 Employees https://t.co/JP6mLgeFgv #americanairlines",0,False,"Goodyear, AZ",en,#Americanairlines
1335286003284795397,2020-12-05 18:12:46,RT @diecastryan: I hopped off the plane at üé∂ #lax #losangeles #laxairport #americanair #americanairlines #aviation #aviationlover #aviation‚Ä¶,0,False,,en,#Americanairlines
1335285072317001730,2020-12-05 18:09:04,Excited to share the latest addition to my #etsy shop: Vintage Chrome Postcard Aerial View of Lower Manhattan Ameri‚Ä¶ https://t.co/7w8raOolMe,1,False,"Longwood, FL",en,#Americanairlines
1335248288975630337,2020-12-05 15:42:54,"RT @stoxline: Friday #NASDAQ Top Volume Leaders
#AmericanAirlines Gp ( $AAL) Buy
#Apple Inc ( $AAPL) -
#Fuelcell Energy ( $FCEL) Sell
#Cast‚Ä¶",0,False,From the Cloud,en,#Americanairlines
1335248238295871489,2020-12-05 15:42:42,"Friday #NASDAQ Top Volume Leaders
#AmericanAirlines Gp ( $AAL) Buy
#Apple Inc ( $AAPL) -
#Fuelcell Energy ( $FCEL)‚Ä¶ https://t.co/32gsqClvdW",0,False,USA,en,#Americanairlines
1335227460506558467,2020-12-05 14:20:08,YOUR THOUGHTS AND REACTIONS?? - ET302 Families React to Boeing/American Airlines Promotional Flight as Media Stunt‚Ä¶ https://t.co/sk5ABbSARV,0,False,WorldWide Information,en,#Americanairlines
1335199696785080323,2020-12-05 12:29:49,"RT @aviationtag_com: üí• The American Airlines ‚ÄúMAD DOG‚Äù tag edition! üí•

Get your bag-tag made from authentic aircraft skin of the former Ame‚Ä¶",0,False,,en,#Americanairlines
1334963253798195200,2020-12-04 20:50:16,"RT @pphilosophy: @AmericanAir you are just a rip off, you changed my flight and don‚Äôt want to refund my $$ or work customer. Same flight yo‚Ä¶",0,False,,en,#Americanairlines
1334962083465744385,2020-12-04 20:45:37,"@AmericanAir you are just a rip off, you changed my flight and don‚Äôt want to refund my $$ or work customer. Same fl‚Ä¶ https://t.co/jCwlJE3I4V",0,False,,en,#Americanairlines
1334955299229200384,2020-12-04 20:18:40,"Oh @americanair.... Are you sure you won't give me my $ back? ""...plausibly alleged that American breached its cond‚Ä¶ https://t.co/GZrPoH5OnA",1,False,"New Mexico, USA",en,#Americanairlines
1334936801551773697,2020-12-04 19:05:10,"#AmericanAirlines: ""We don‚Äôt currently have plans for the Boeing 737 MAX in and out of Tulsa airport, but we‚Äôre alw‚Ä¶ https://t.co/8BZC77EKIa",0,False,"Tulsa, OK",en,#Americanairlines
1334922148125806592,2020-12-04 18:06:56,"RT @airlinevideos: üî¥ NEW 4K VIDEO! ‚úàÔ∏è 7Ô∏è‚É£ AMERICAN AIRLINES Morning Departures at #LAX on November 22nd, 2020 - #YouTube Link ‚û°Ô∏è https://t.‚Ä¶",0,False,,en,#Americanairlines
1334917749693362181,2020-12-04 17:49:27,"Sea of clouds! #clouds #flying #aa #americanairlines @ Dallas, Texas https://t.co/waKspklksE",0,False,"Boston, MA",en,#Americanairlines
1334905393433227267,2020-12-04 17:00:21,American AAdvantage Members to Get a Gift https://t.co/ulo1Hr2srS #americanairlines https://t.co/eiyxS5wxEh,0,False,"Phoenix, AZ",en,#Americanairlines
1334904958387412992,2020-12-04 16:58:38,"@AmericanAir I just had a flight with flight attendant Elizabeth to Charlotte, NC... SHES SO AMAZING!! My whole fli‚Ä¶ https://t.co/XezSFawWdD",0,False,United States,en,#Americanairlines
1334902830445064198,2020-12-04 16:50:10,RT @debraruh: #AmericanAirlines Reverses Policy That Imposed Weight Limit On #Wheelchairs. #accessibility #inclusion #disabilityinclusion #‚Ä¶,0,False,"Richmond, VA",en,#Americanairlines
1334900894719070211,2020-12-04 16:42:29,"The #airline expects to end the quarter with more than $14 billion in available liquidity. #AmericanAirlines $AAL

https://t.co/Q54j2pWYDw",0,False,"Los Angeles, CA",en,#Americanairlines
1334900360272621569,2020-12-04 16:40:21,"RT @GATELESIS: Sharing the News! #CustomerSuccess #AmericanAirlines #GATelesis #Aviation

https://t.co/i1bYIPfaoA",0,False,,en,#Americanairlines
1334890365657157635,2020-12-04 16:00:38,Like my Facebook page #assistentedivolo #flightattendant #flightattendantlife #americanairlines‚Ä¶ https://t.co/3yVtNpgmXp,0,False,"Miami Beach, FL",en,#Americanairlines
1334875614688501762,2020-12-04 15:02:01,#AmericanAirlines conducts first public #Boeing737Max #testflight after ban https://t.co/rIC7S6XBUk #FAA #airplane https://t.co/eeiW0hPk8e,0,False,"Houston, TX",en,#Americanairlines
1334871889592938496,2020-12-04 14:47:13,Repost from FB Friend-#americanairlines is a fkn joke!!!!! DENIED my dogüêï AGAINüò≠ THANK YOU #americanairlines for wa‚Ä¶ https://t.co/AUZQBxICtp,0,False,,en,#Americanairlines
1334855441671708675,2020-12-04 13:41:52,"RT @aviationtag_com: üí• The American Airlines ‚ÄúMAD DOG‚Äù tag edition! üí•

Get your bag-tag made from authentic aircraft skin of the former Ame‚Ä¶",0,False,,en,#Americanairlines
1334845298384936960,2020-12-04 13:01:34,RT @diecastryan: I hopped off the plane at üé∂ #lax #losangeles #laxairport #americanair #americanairlines #aviation #aviationlover #aviation‚Ä¶,0,False,Perth  Western Australia,en,#Americanairlines
1334842984022609923,2020-12-04 12:52:22,RT @JewelOkwechime: @easyJet Didn‚Äôt know this day will come! Thank you to all the staff of #easyjet for the great #customerexperience after‚Ä¶,0,False,,en,#Americanairlines
1334837663052992514,2020-12-04 12:31:13,@easyJet Didn‚Äôt know this day will come! Thank you to all the staff of #easyjet for the great #customerexperience a‚Ä¶ https://t.co/PnNIDxlkml,1,False,Worldwide,en,#Americanairlines
1334828099582750721,2020-12-04 11:53:13,My absolute favourite lady‚Äôs American Airlines #boeing787Dreamliner #A319 beautiful üõ´ @AmericanAir‚Ä¶ https://t.co/pkr7U93En8,0,False, United Kingdom,en,#Americanairlines
1334807032906608640,2020-12-04 10:29:30,Bill Gates Just Gave Airline Stocks The Green Light - #AmericanAirlines #Boeing #MarketsNewsOpinions -‚Ä¶ https://t.co/tvlXHUEjZl,0,False,"Bathurst, New Brunswick, Canada",en,#Americanairlines
1334767310297395201,2020-12-04 07:51:40,RT @diecastryan: I hopped off the plane at üé∂ #lax #losangeles #laxairport #americanair #americanairlines #aviation #aviationlover #aviation‚Ä¶,0,False,Politicking Boulevard,en,#Americanairlines
1334741736824901632,2020-12-04 06:10:03,#AmericanAirlines Reverses Policy That Imposed Weight Limit On #Wheelchairs. #accessibility #inclusion‚Ä¶ https://t.co/ww2emQ7Mjm,4,False,Virginia USA & Global Citizen,en,#Americanairlines
1334739211262586881,2020-12-04 06:00:00,"RT @airlinevideos: üî¥ NEW 4K VIDEO! ‚úàÔ∏è 7Ô∏è‚É£ AMERICAN AIRLINES Morning Departures at #LAX on November 22nd, 2020 - #YouTube Link ‚û°Ô∏è https://t.‚Ä¶",0,False,,en,#Americanairlines
1334738873960697859,2020-12-04 05:58:40,"RT @airlinevideos: üî¥ NEW 4K VIDEO! ‚úàÔ∏è 7Ô∏è‚É£ AMERICAN AIRLINES Morning Departures at #LAX on November 22nd, 2020 - #YouTube Link ‚û°Ô∏è https://t.‚Ä¶",0,False,"LOS ANGELES, CA",en,#Americanairlines
1334737241227182080,2020-12-04 05:52:11,Be nice to Dennis #AmericanAirlines,0,False,styling and profiling,en,#Americanairlines
1334731271885352960,2020-12-04 05:28:27,So good I had to share! Check out all the items I'm loving on @Poshmarkapp #poshmark #fashion #style #shopmycloset‚Ä¶ https://t.co/U1lijZTrDl,0,False,,en,#Americanairlines
1334707428340981760,2020-12-04 03:53:43,How did it get pass the baggage check without a tag?? Clearly somethings not adding up. We need a refund and an exp‚Ä¶ https://t.co/tMnWCsnAml,2,False,TX ,en,#Americanairlines
1334687633373597700,2020-12-04 02:35:03,RT @diecastryan: I hopped off the plane at üé∂ #lax #losangeles #laxairport #americanair #americanairlines #aviation #aviationlover #aviation‚Ä¶,0,False,,en,#Americanairlines
1334686873717882880,2020-12-04 02:32:02,RT @diecastryan: I hopped off the plane at üé∂ #lax #losangeles #laxairport #americanair #americanairlines #aviation #aviationlover #aviation‚Ä¶,0,False,Êó•Êú¨üáØüáµ ‰∫¨ÈÉΩ,en,#Americanairlines
1334678446409039873,2020-12-04 01:58:33,"RT @airlinevideos: üî¥ NEW 4K VIDEO! ‚úàÔ∏è 7Ô∏è‚É£ AMERICAN AIRLINES Morning Departures at #LAX on November 22nd, 2020 - #YouTube Link ‚û°Ô∏è https://t.‚Ä¶",0,False,Los Angeles ,en,#Americanairlines
1334660434465607686,2020-12-04 00:46:59,"RT @airlinevideos: üî¥ NEW 4K VIDEO! ‚úàÔ∏è 7Ô∏è‚É£ AMERICAN AIRLINES Morning Departures at #LAX on November 22nd, 2020 - #YouTube Link ‚û°Ô∏è https://t.‚Ä¶",0,False,Worldwide,en,#Americanairlines
1334660411719749633,2020-12-04 00:46:53,"üî¥ NEW 4K VIDEO! ‚úàÔ∏è 7Ô∏è‚É£ AMERICAN AIRLINES Morning Departures at #LAX on November 22nd, 2020 - #YouTube Link ‚û°Ô∏è‚Ä¶ https://t.co/GIlMBPCe3L",19,False,"LOS ANGELES, CA",en,#Americanairlines
1334658845990412288,2020-12-04 00:40:40,RT @diecastryan: I hopped off the plane at üé∂ #lax #losangeles #laxairport #americanair #americanairlines #aviation #aviationlover #aviation‚Ä¶,0,False,SEAPORT1A,en,#Americanairlines
1334654436321398796,2020-12-04 00:23:08,Archive Post: Flight Review: American Airlines First Class ‚Äì #Boeing 777 Frankfurt (FRA) to https://t.co/ahSRTPzMgU #americanairlines,0,False,Worldwide,en,#Americanairlines
1334651777799491586,2020-12-04 00:12:35,RT @diecastryan: I hopped off the plane at üé∂ #lax #losangeles #laxairport #americanair #americanairlines #aviation #aviationlover #aviation‚Ä¶,0,False,"Kuala Lumpur City, Kuala Lumpur Federal Territory",en,#Americanairlines
1334648170534604801,2020-12-03 23:58:15,"if #Individual1 &amp; his @WhiteHouse gave a FUCK, they would ban ALL the airlines from flying (unless its essential) t‚Ä¶ https://t.co/5qa2obaOXm",0,False,"Dallas, Tx",en,#Americanairlines
1334639185655779328,2020-12-03 23:22:32,RT @diecastryan: I hopped off the plane at üé∂ #lax #losangeles #laxairport #americanair #americanairlines #aviation #aviationlover #aviation‚Ä¶,0,False,Êó•Êú¨ Japan,en,#Americanairlines
1334636227027324929,2020-12-03 23:10:47,RT @diecastryan: I hopped off the plane at üé∂ #lax #losangeles #laxairport #americanair #americanairlines #aviation #aviationlover #aviation‚Ä¶,0,False,"Greater Seattle, Washington",en,#Americanairlines
1334632104437706754,2020-12-03 22:54:24,"#AmericanAirlines¬†have been flying their executives, employees and journalists onboard the newly-certified Boeing‚Ä¶ https://t.co/Pa0Q3G2WKi",0,False,,en,#Americanairlines
1334629046236266498,2020-12-03 22:42:15,RT @diecastryan: I hopped off the plane at üé∂ #lax #losangeles #laxairport #americanair #americanairlines #aviation #aviationlover #aviation‚Ä¶,0,False,ÂõΩÈöõÁ∑ö„Çø„Éº„Éü„Éä„É´Â±ïÊúõ„Éá„ÉÉ„Ç≠,en,#Americanairlines
1334619073271906304,2020-12-03 22:02:37,It‚Äôs amazing when you have a half full flight that they check the size of your carry-on at the gate!! #lax #americanairlines,1,False,"Texas, USA",en,#Americanairlines
1334606609771880448,2020-12-03 21:13:06,"Southwest Airlines May Furlough 6,900 Employees

$LUV #AirTravel #AmericanAirlines #CoronaVirus #COVID19 #Crisis‚Ä¶ https://t.co/fm6a4I0oKo",0,False,"New York, New York",en,#Americanairlines
1334592765812989952,2020-12-03 20:18:05,"https://t.co/vs60mKsJVt

Daly Travel¬Æ Shares || 737 Max Returns
#dalytravelshares #737MAX #americanairlines",0,False,"Dallas, TX",en,#Americanairlines
1334592122394210304,2020-12-03 20:15:32,RT @diecastryan: I hopped off the plane at üé∂ #lax #losangeles #laxairport #americanair #americanairlines #aviation #aviationlover #aviation‚Ä¶,0,False,"Atlanta, Georgia",en,#Americanairlines
1334589734396416000,2020-12-03 20:06:02,How to get an Alaska Airlines record locator for a flight booked on American Airlines #travel‚Ä¶ https://t.co/cAyGg9eIvn,0,False,"Earth, probably",en,#Americanairlines
1334589236587024385,2020-12-03 20:04:04,RT @diecastryan: I hopped off the plane at üé∂ #lax #losangeles #laxairport #americanair #americanairlines #aviation #aviationlover #aviation‚Ä¶,0,False,"Seattle, WA",en,#Americanairlines
1334588597190733826,2020-12-03 20:01:31,RT @skygoflycom: American Airlines Cargo Conducts COVID-19 Vaccine Trial Flights from Miami to South America https://t.co/YMdlr0ENBU #ameri‚Ä¶,0,False,Worldwide,en,#Americanairlines
1334588569449533440,2020-12-03 20:01:25,RT @diecastryan: I hopped off the plane at üé∂ #lax #losangeles #laxairport #americanair #americanairlines #aviation #aviationlover #aviation‚Ä¶,0,False,"Chicago, IL",en,#Americanairlines
1334588383847395328,2020-12-03 20:00:40,American Airlines Cargo Conducts COVID-19 Vaccine Trial Flights from Miami to South America https://t.co/YMdlr0ENBU‚Ä¶ https://t.co/080ECBYJHo,1,False,"Phoenix, AZ",en,#Americanairlines
1334588215819464704,2020-12-03 20:00:00,RT @diecastryan: I hopped off the plane at üé∂ #lax #losangeles #laxairport #americanair #americanairlines #aviation #aviationlover #aviation‚Ä¶,0,False,"Rotherham, England",en,#Americanairlines
1334584664472887298,2020-12-03 19:45:54,RT @diecastryan: I hopped off the plane at üé∂ #lax #losangeles #laxairport #americanair #americanairlines #aviation #aviationlover #aviation‚Ä¶,0,False,,en,#Americanairlines
1334582868106829824,2020-12-03 19:38:45,RT @diecastryan: I hopped off the plane at üé∂ #lax #losangeles #laxairport #americanair #americanairlines #aviation #aviationlover #aviation‚Ä¶,0,False,,en,#Americanairlines
1334581403657396229,2020-12-03 19:32:56,RT @diecastryan: I hopped off the plane at üé∂ #lax #losangeles #laxairport #americanair #americanairlines #aviation #aviationlover #aviation‚Ä¶,0,False,,en,#Americanairlines
1334580873761591297,2020-12-03 19:30:50,"@BoSnerdley Lol, we flew #americanairlines from DFW to LGA last weekend. Morons on  our flight instead of loading r‚Ä¶ https://t.co/1uGnQlY480",0,False,,en,#Americanairlines
1334578524062101510,2020-12-03 19:21:30,I hopped off the plane at üé∂ #lax #losangeles #laxairport #americanair #americanairlines #aviation #aviationlover‚Ä¶ https://t.co/r9vZTVTbFQ,203,False,,en,#Americanairlines
1334576905119535104,2020-12-03 19:15:04,"Boeing 737 Max Returns To Skies As American Aims To Prove Jet‚Äôs Safety 
#americanairlines #boeing737max‚Ä¶ https://t.co/qrT2HsGTOX",1,False,"Toronto, Ontario",en,#Americanairlines
1334561198503841794,2020-12-03 18:12:39,"$AAL Daily requested technical analysis on American Airlines:
https://t.co/9u4r1asge1
#AAL #AmericanAirlines‚Ä¶ https://t.co/UnIs5HypiC",0,False,,en,#Americanairlines
1334560615457824777,2020-12-03 18:10:20,RT @KevinRuhGlobal: #AmericanAirlines Reverses Policy That Imposed Weight Limit On #Wheelchairs. #accessibility #inclusion #disabilityinclu‚Ä¶,0,False,"Richmond, VA",en,#Americanairlines
1334559956259975169,2020-12-03 18:07:43,RT @RuhGlobal: #AmericanAirlines Reverses Policy That Imposed Weight Limit On #Wheelchairs. #accessibility #inclusion #disabilityinclusion‚Ä¶,0,False,"Richmond, VA",en,#Americanairlines
1334559330419564547,2020-12-03 18:05:13,"Waiting for Passengers, American Puts Boeing Max in the Air

https://t.co/EFJJ8OWyEB

#AmericanAirlines #Boeing‚Ä¶ https://t.co/Uy8JUJyeKA",0,False,"Las Vegas, NV",en,#Americanairlines
1334558252290494467,2020-12-03 18:00:56,#AmericanAirlines Reverses Policy That Imposed Weight Limit On #Wheelchairs. #accessibility #inclusion‚Ä¶ https://t.co/B6PlR5E2OU,0,False,"Richmond, VA",en,#Americanairlines
1334541412705181697,2020-12-03 16:54:02,#AmericanAirlines Reverses Policy That Imposed Weight Limit On #Wheelchairs. #accessibility #inclusion‚Ä¶ https://t.co/kRU4bLkpdf,0,False,,en,#Americanairlines
1334540963545407489,2020-12-03 16:52:14,"@AmericanAir likes to sell upgraded seats, let people pick them on the seat chart, then not give them those seats.‚Ä¶ https://t.co/Whz2Q0exkQ",0,False,United States,en,#Americanairlines
1334539168492494850,2020-12-03 16:45:06,"#AmericanAirlines #Boeing 737 MAX test flight aims to reassure
https://t.co/A5vCosB9ik https://t.co/4K5QhjPgD5",1,False,Barcelona,en,#Americanairlines
1334537929121783809,2020-12-03 16:40:11,Where shall I travel to first? I‚Äôm going all over the US of course. See some family in Cali. We got the vaccine bab‚Ä¶ https://t.co/v621HF97wj,0,False,"Colorado, USA",en,#Americanairlines
1334535559906271238,2020-12-03 16:30:46,@AmericanAir @StKittsTourism @NevisNaturally Please HELP! Getting married in a couple of weeks &amp; flying‚Ä¶ https://t.co/pnofMPYu3z,0,False,"Houston, TX",en,#Americanairlines
1334531637334462469,2020-12-03 16:15:11,RT @sashagriffin711: Never ever will I fly with @AmericanAir ever again! They‚Äôve changed my flight to impossible flights without telling me‚Ä¶,0,False,,en,#Americanairlines
1334529588072878080,2020-12-03 16:07:02,Phoenix Admirals Club ridiculously overcrowded with few wearing masks because they are eating and drinking. America‚Ä¶ https://t.co/F4AHYpFgI6,0,False,,en,#Americanairlines
1334523872700297216,2020-12-03 15:44:20,"#Boeing737Max returns to the skies after 20 months

#AmericanAirlines flew the 737 Max #aircraft from Dallas to Tul‚Ä¶ https://t.co/CnjjjhvFNx",1,False,India,en,#Americanairlines
1334522409211338755,2020-12-03 15:38:31,RT @sashagriffin711: Never ever will I fly with @AmericanAir ever again! They‚Äôve changed my flight to impossible flights without telling me‚Ä¶,0,False,,en,#Americanairlines
1334522136577396736,2020-12-03 15:37:26,Never ever will I fly with @AmericanAir ever again! They‚Äôve changed my flight to impossible flights without telling‚Ä¶ https://t.co/oKn42hoKxM,0,False,Haiti,en,#Americanairlines
1334520873408225280,2020-12-03 15:32:25,BIG Shout out to @AmericanAir for the Christmas Gift of miles. The really cool thing is that registering gives you‚Ä¶ https://t.co/3piUEuuljb,1,False,"College Park, MD USA",en,#Americanairlines
1334520022790791170,2020-12-03 15:29:02,#AmericanAirlines Reverses Policy That Imposed Weight Limit On #Wheelchairs. #accessibility #inclusion‚Ä¶ https://t.co/VCifX2ODRE,0,False,,en,#Americanairlines
1334517045816422401,2020-12-03 15:17:12,Back in the air: #AmericanAirlines shows its confidence that the Boeing 737 Max has overcome the problems that led‚Ä¶ https://t.co/0IuRmZYIOl,1,False,"Mansfield, TX",en,#Americanairlines
1334514992775884804,2020-12-03 15:09:03,"Who else saved money and is ready to fly? I‚Äôve been going stir crazy for a year, saved vacation time, haven‚Äôt done‚Ä¶ https://t.co/pZuguck6hP",0,False,"Colorado, USA",en,#Americanairlines
1334513733717078022,2020-12-03 15:04:02,#AmericanAirlines Reverses Policy That Imposed Weight Limit On #Wheelchairs. #accessibility #inclusion‚Ä¶ https://t.co/5UW2210Egu,0,False,"Richmond, VA",en,#Americanairlines
1334513365583097856,2020-12-03 15:02:35,FAA Insight: https://t.co/kHrAHH4sXQ #FAA regulatory flexibility adds to #OperationWarpSpeed for #COVID19 vaccine d‚Ä¶ https://t.co/jskRazmBtr,0,False,"Washington,DC",en,#Americanairlines
1334506357228232708,2020-12-03 14:34:44,Does anyone else feel the severe urge to travel??? Get this damn vaccine rollin out baby. LETS GO!!‚Ä¶ https://t.co/65slh2vaKw,0,False,"Colorado, USA",en,#Americanairlines
1334505702069575680,2020-12-03 14:32:07,I can‚Äôt wait to get on a plane again man.. with the Pfizer vaccine and all the vaccines coming out I will be jumpin‚Ä¶ https://t.co/4oD5LDXqev,0,False,"Colorado, USA",en,#Americanairlines
1334504238626598913,2020-12-03 14:26:19,Another beautiful  #AmericanAirlines morning. Thanks for the great trip https://t.co/zpO4B3J59i,1,False,"Texas, USA",en,#Americanairlines
1334499675727130624,2020-12-03 14:08:11,"Aircraft News: @AmericanAir @Boeing 737MAX demo flights 
#Airline101 #Airlines #Boeing 
#Boeing737MAX #AvGeek‚Ä¶ https://t.co/Mn7espSZkT",0,False,Coming to an Airport near you,en,#Americanairlines
1334489025508495363,2020-12-03 13:25:51,"#AmericanAirlines is having flights from #PIT (#Pittsburgh) to #STT (St. Thomas, USVI) for $84 rt and PIT to‚Ä¶ https://t.co/44f0SV0juG",0,False,,en,#Americanairlines
1334488854833848323,2020-12-03 13:25:11,"RT @KTNV: #AmericanAirlines is taking its long-grounded #Boeing737Max jets out of storage, updating key flight-control software, and flying‚Ä¶",0,False,,en,#Americanairlines
1334488062773047296,2020-12-03 13:22:02,#AmericanAirlines Reverses Policy That Imposed Weight Limit On #Wheelchairs. #accessibility #inclusion‚Ä¶ https://t.co/oAbV0Jlfna,1,False,Richmond,en,#Americanairlines
1334488009635319809,2020-12-03 13:21:49,"#AmericanAirlines is taking its long-grounded #Boeing737Max jets out of storage, updating key flight-control softwa‚Ä¶ https://t.co/p7LAOZtGJF",0,False,Las Vegas,en,#Americanairlines
1334481017365737473,2020-12-03 12:54:02,#AmericanAirlines Reverses Policy That Imposed Weight Limit On #Wheelchairs. #accessibility #inclusion‚Ä¶ https://t.co/nduJ87QBOR,0,False,"Ohio, USA",en,#Americanairlines
1334479380668530689,2020-12-03 12:47:32,RT @BritishHeraldUK: #AmericanAirlines conducts first civilian passenger flight of #737MAX in almost two years https://t.co/uR1RJpzZPZ,0,False,"London, United Kingdom",en,#Americanairlines
1334478250043731968,2020-12-03 12:43:02,#AmericanAirlines Reverses Policy That Imposed Weight Limit On #Wheelchairs. #accessibility #inclusion‚Ä¶ https://t.co/eV8ySra87U,1,False,Virginia,en,#Americanairlines
1334465152763224064,2020-12-03 11:51:00,American Airlines' maintenance team is scrambling to complete safety changes to its fleet of Boeing 737 MAX jets ah‚Ä¶ https://t.co/2mfpAiKzON,7,False,India,en,#Americanairlines
1334447547046248450,2020-12-03 10:41:02,Two fatal crashes for the aircraft in March 2019 forced some 400 MAX jets in service to be grounded. #FMTNews‚Ä¶ https://t.co/2c3qWmzuEa,0,False,Malaysia,en,#Americanairlines
1334367680019705856,2020-12-03 05:23:40,"RT @ayu3_BLUE: The aircraft I will be flying is the @AmericanAir N806AW and I was taking pictures of this aircraft on 7/26 of this year.
#P‚Ä¶",0,False, United Kingdom,en,#Americanairlines
1334361152571097089,2020-12-03 04:57:44,Book your #flight #tickets with farecopy at #cheap rates. We provide tickets at good #discount #rates.‚Ä¶ https://t.co/Wn4Y7lFu6M,0,False,"Ville Platte, Louisiana",en,#Americanairlines
1334349380862660608,2020-12-03 04:10:58,American Airlines conducts first public Boeing 737 Max test flight after ban https://t.co/MTgpliW6fb #americanairlines #737max #boeing #gear,0,False,,en,#Americanairlines
1334345551039635457,2020-12-03 03:55:44,"#AmericanAirlines Is Giving Every Member A Free Gift
https://t.co/kJnIPRi5Bx #Travel #Paxex #Avgeek",0,False,SoFlo,en,#Americanairlines
1334301272330051584,2020-12-03 00:59:48,American to gift perks to AAdvantage members: Travel Weekly https://t.co/tTKnGc1UAJ #AmericanAirlines #AAdvantageperks,0,False,"√úT: 40.745393,-74.052884",en,#Americanairlines
1334293567343300609,2020-12-03 00:29:11,The airplane just loves to fly: American Airlines flies a Boeing 737 Max with about 120 passengers from Dallas to T‚Ä¶ https://t.co/cE2uqWqbk8,1,False,"tulsa, ok",en,#Americanairlines
1334285786007490560,2020-12-02 23:58:15,@thepointsguy I would definitely fly a #737MAX anytime but NEVER with #AmericanAirlines even if it was the last fli‚Ä¶ https://t.co/o8wHvQb4r7,0,False,Los Angeles,en,#Americanairlines
1334284443947831296,2020-12-02 23:52:55,üìπ #americanairlines #airplane #puertorico #repost #share #likeforlikes (at Miami International Airport - MIA)‚Ä¶ https://t.co/cFhvy082Pc,0,False,San Juan Puerto Rico,en,#Americanairlines
1334278857092894723,2020-12-02 23:30:43,"Airline News: @AmericanAir has a gift for its AAdvantage members 
#Airline101 #Airlines #Points #AmericanAirlines‚Ä¶ https://t.co/yvIZgn0qeU",0,False,Coming to an Airport near you,en,#Americanairlines
1334273799185985536,2020-12-02 23:10:37,RT @FlyDAB: Have travel plans in your future? DAB and @AmericanAir will take you from Daytona Beach to @DFWAirport and @PHLAirport without‚Ä¶,0,False,,en,#Americanairlines
1334271442976976898,2020-12-02 23:01:16,"American and United Begin Furloughing More Than 32,000 Employees https://t.co/JP6mLgeFgv #americanairlines",0,False,"Goodyear, AZ",en,#Americanairlines
1334271124155359232,2020-12-02 23:00:00,Have travel plans in your future? DAB and @AmericanAir will take you from Daytona Beach to @DFWAirport and‚Ä¶ https://t.co/xlem4Zj38B,5,False,,en,#Americanairlines
1334242407412621313,2020-12-02 21:05:53,American Airlines‚Äô CEO yesterday December 01 flew on one of the  Boeing 737MAX from Tulsa where it had been in stor‚Ä¶ https://t.co/uNzzJRKIgO,0,False,"Amman, Hashemite Kingdom of Jordan",en,#Americanairlines
1334242204844494848,2020-12-02 21:05:05,"Sharing the News! #CustomerSuccess #AmericanAirlines #GATelesis #Aviation

https://t.co/i1bYIPfaoA",3,False,"Ft. Lauderdale, Florida",en,#Americanairlines
1334239280244338697,2020-12-02 20:53:28,@Shane_BSer @SouthwestAir #Delta decided to extend the empty seat until end of March. #AmericanAirlines never stopp‚Ä¶ https://t.co/PJdRNVSX0q,0,False,DMV,en,#Americanairlines
1334238256423198720,2020-12-02 20:49:23,"RT @TLspotting: First ""passenger"" #737MAX flight since March 2019. #AA9750 #AmericanAirlines https://t.co/12Qe5Odvw7",0,False,,en,#Americanairlines
1334227158433206274,2020-12-02 20:05:17,Me trying to book this $106 @AmericanAir cross country roundtrip but their whole site is down. #AmericanAirlines https://t.co/tnyZe0b9IU,0,False,"Washington, DC",en,#Americanairlines
1334226722015891457,2020-12-02 20:03:33,"American Airlines Prepares to Reintroduce 737 Max Flights

#737MAX $AAL #Aircrafts #AmericanAirlines #Employee‚Ä¶ https://t.co/vpTwWVAFWs",0,False,"New York, New York",en,#Americanairlines
1334226499449262081,2020-12-02 20:02:40,"Everyone is trying to get their #AmericanAirlines gift I guess üòÇ @AmericanAir hang in there, fam. https://t.co/FImLrgfm7B",4,False,"Chicago, IL",en,#Americanairlines
1334223643778441220,2020-12-02 19:51:20,RT @news_ntd: #Boeing737MAX on Wednesday will make its first public demonstration #flight with members of the media since being grounded ov‚Ä¶,0,False,Taniquetil,en,#Americanairlines
1334223313325993985,2020-12-02 19:50:01,#Boeing737MAX on Wednesday will make its first public demonstration #flight with members of the media since being g‚Ä¶ https://t.co/9wu9Dasqck,15,False,"New York, NY",en,#Americanairlines
1334208087356559367,2020-12-02 18:49:31,"American Airlines Prepares to Reintroduce 737 Max Flights

#737MAX $AAL #Aircrafts #AmericanAirlines #employee‚Ä¶ https://t.co/8tTbxv4lzF",0,False,"Vancouver, British Columbia",en,#Americanairlines
1334204459837136896,2020-12-02 18:35:06,#AmericanAirlines $AAL starts #Boeing $BA 737 Max flights to boost confidence in jets after fatal crashes‚Ä¶ https://t.co/NgQJS3cIF5,0,False,,en,#Americanairlines
1334200619620556803,2020-12-02 18:19:50,"RT @TiffanyAlaniz: BREAKING: American Airlines Boeing 737 MAX carrying passengers touches down in Tulsa for first time since grounding.  
T‚Ä¶",0,False,"Oklahoma City, OK",en,#Americanairlines
1334197853137211392,2020-12-02 18:08:51,#Americanairlines you suck!  Changed our flight; changed our seats to crappy and now with an entire row open you wo‚Ä¶ https://t.co/CvDXqzVyQ8,2,False,"Texas, USA",en,#Americanairlines
1334195666596356100,2020-12-02 18:00:09,"RT @TiffanyAlaniz: BREAKING: American Airlines Boeing 737 MAX carrying passengers touches down in Tulsa for first time since grounding.  
T‚Ä¶",0,False,"Oklahoma City, OK",en,#Americanairlines
1334193252279361539,2020-12-02 17:50:34,Flying into #sandiego on ‚Å¶@AmericanAir‚Å© #wearamask #americanairlines https://t.co/zXjhzUJjml,3,False,"Charleston, SC",en,#Americanairlines
1334191539921121280,2020-12-02 17:43:45,@AmericanAir I‚Äôd love it if there was a representative that could help me get home. #americanairlines #AATeam,0,False,"√úT: 40.686334,-73.972914",en,#Americanairlines
1334190097986703360,2020-12-02 17:38:02,"RT @TiffanyAlaniz: BREAKING: American Airlines Boeing 737 MAX carrying passengers touches down in Tulsa for first time since grounding.  
T‚Ä¶",0,False,"Tulsa, OK",en,#Americanairlines
1334189855111319552,2020-12-02 17:37:04,BREAKING: American Airlines Boeing 737 MAX carrying passengers touches down in Tulsa for first time since grounding‚Ä¶ https://t.co/aK5Q6j6h3a,6,False,Livin on Tulsa Time ,en,#Americanairlines
1334185323602055174,2020-12-02 17:19:03,"RT @skygoflycom: American AAdvantage Members to Get a Gift https://t.co/ulo1Hr2srS #americanairlines
#planespotting https://t.co/7ScRXqjSdG",0,False,"Potsdam, Germany",en,#Americanairlines
1334182897495003143,2020-12-02 17:09:25,I remember my dad flying Air Cal back in the day to OAK. When there was no terminal and you had to go outside to bo‚Ä¶ https://t.co/PKdIAhx66P,0,False,Valley Of The Sun,en,#Americanairlines
1334181858385522689,2020-12-02 17:05:17,So American Airlines still refuses to refund my airline ticket from March 28th.  Travel to the destination was rest‚Ä¶ https://t.co/k9cw4piT3s,0,False,"Virginia, USA",en,#Americanairlines
1334180958891859971,2020-12-02 17:01:43,"RT @skygoflycom: American AAdvantage Members to Get a Gift https://t.co/ulo1Hr2srS #americanairlines
#planespotting https://t.co/7ScRXqjSdG",0,False,Worldwide,en,#Americanairlines
1334177977039511557,2020-12-02 16:49:52,"American AAdvantage Members to Get a Gift https://t.co/ulo1Hr2srS #americanairlines
#planespotting https://t.co/7ScRXqjSdG",2,False,"Phoenix, AZ",en,#Americanairlines
1334174097442439168,2020-12-02 16:34:27,"""American initially said it implemented the weight limit as a safety precaution, after Canadian authorities issued‚Ä¶ https://t.co/0nYbc3XEWE",0,False,"San Francisco, CA",en,#Americanairlines
1334165301571719173,2020-12-02 15:59:30,It is another key step in the Boeing jet's comeback to commercial travel. #FMTNews #AmericanAirlines #737Max  https://t.co/GQxgq8pwUZ,0,False,Malaysia,en,#Americanairlines
1334165082725560321,2020-12-02 15:58:37,"First ""passenger"" #737MAX flight since March 2019. #AA9750 #AmericanAirlines https://t.co/12Qe5Odvw7",1,False,"Brussels, BE üáßüá™",en,#Americanairlines
1334161091082002438,2020-12-02 15:42:46,Headed to Tulsa on an AA 737 Max. Charter flight ahead of the Dec 29 relaunch of the plane. #AmericanAirlines‚Ä¶ https://t.co/uPFS6wxJ2r,0,False,"Denver, CO",en,#Americanairlines
1334155613153222660,2020-12-02 15:21:00,The CEO of #AmericanAirlines just ate his own dog food. That's a good thing https://t.co/MR8HQz1HWW @Inc @BillMurphyJr,2,False,New Jersey,en,#Americanairlines
1334155063560908805,2020-12-02 15:18:49,RT @TechXplore_com: #AmericanAirlines Boeing 737 MAX #flight aims to reassure https://t.co/jsJsyBaGK1,0,False,,en,#Americanairlines
1334155062747295744,2020-12-02 15:18:49,#AmericanAirlines Boeing 737 MAX #flight aims to reassure https://t.co/jsJsyBaGK1,1,False,US,en,#Americanairlines
1334150926958026752,2020-12-02 15:02:22,"‚úàÔ∏èFree Miles, Seat Upgrade &amp; More from American Airlines
&gt;&gt; https://t.co/veSL4BN5zX

#free
#freebies
#rewards‚Ä¶ https://t.co/DScROcKpUv",0,False,"New Orleans, LA",en,#Americanairlines
1334149199412273154,2020-12-02 14:55:31,ET302 Families React to Boeing/American Airlines Promotional Flight as Media Stunt: https://t.co/BmqskJ8gAA #Boeing‚Ä¶ https://t.co/M1LKwvifcw,0,False,"Chicago, IL",en,#Americanairlines
1334147103283683328,2020-12-02 14:47:11,Let‚Äôs put the airline executives families on the #737Max planes first. #yougofirst #SouthwestAirlines #Delta‚Ä¶ https://t.co/j4iEfr1ZSz,0,False,,en,#Americanairlines
1334131517749153793,2020-12-02 13:45:15,The first airliner I ever flew:  American DC-10 https://t.co/cbrBthERNv #americanairlines #dc10 https://t.co/RRJT0hwgFR,3,False,"Phoenix, AZ",en,#Americanairlines
1334116616469180416,2020-12-02 12:46:02,#AmericanAirlines conducts first civilian passenger flight of #737MAX in almost two years https://t.co/uR1RJpzZPZ,0,False,"London, United Kingdom",en,#Americanairlines
1334091840606400513,2020-12-02 11:07:35,"RT @aviationtag_com: üí• The American Airlines ‚ÄúMAD DOG‚Äù tag edition! üí•

Get your bag-tag made from authentic aircraft skin of the former Ame‚Ä¶",0,False,Geneva - Doha,en,#Americanairlines
1334080057581690880,2020-12-02 10:20:46,#FAA issues new first air certificate for #Boeing #737MAX since 2019. #AmericanAirlines  https://t.co/LjswZg95mB,0,False,"Montr√©al, Canada",en,#Americanairlines
1334079112944754689,2020-12-02 10:17:01,Is American Airlines Premium Ecoomy worth the extra cost? And how does it compare to other airlines? Find out in my‚Ä¶ https://t.co/nEXflZjSLI,0,False,"London, England",en,#Americanairlines
1334053154061742080,2020-12-02 08:33:52,"#AmericanAirlines most mentioned company among top 10 #aviation influencers on Twitter
https://t.co/bkAGs6gfcZ

#CrewNews",0,False,Paris CDG,en,#Americanairlines
1334039865680248833,2020-12-02 07:41:03,COVID-19: American Airlines starts trial flights to transport vaccine #americanairlines #coronavirusvaccine #pfizer‚Ä¶ https://t.co/2mogo9o61G,1,False,"New Delhi, Delhi",en,#Americanairlines
1334017647885778949,2020-12-02 06:12:46,"American Airlines to fly five employee-only 737 MAX flights to nowhere https://t.co/cYHEnH9hNX 
#AmericanAirlines #737MAX #MIA #LGA",4,False,"Bay Park Heights (Level 5), Mirpur Road, Dhanmondi, Dhaka-1205, Bangladesh",en,#Americanairlines
1334001796898054150,2020-12-02 05:09:47,"RT @jknapfel: ""Up, Up and Away with #TWA"" #AmericanAirlines #Boeing 737-800 climbs away from @PHXSkyHarbor in the #TransWorldAirlines herit‚Ä¶",0,False,"Ourense, Espa√±a",en,#Americanairlines
1333999399303852033,2020-12-02 05:00:15,"Covid Travel: @AmericanAir Trials Digital Health Passes On Chilean Route - Simple Flying 
#Airline101 #Airlines‚Ä¶ https://t.co/wJT7Nxld4J",0,False,Coming to an Airport near you,en,#Americanairlines
1333997003240562688,2020-12-02 04:50:44,"Airline News: @AmericanAir and @Boeing 737MAX
#Airline101 #Airlines #737MAX #Boeing #AmericanAirlines https://t.co/mF8HWQfsWM",0,False,Coming to an Airport near you,en,#Americanairlines
1333992449799229440,2020-12-02 04:32:39,"Off to Key West. See you later San Diego.
#americanairlines 
#keywest #actorslife @ San Diego International Airport https://t.co/3bFr3wQRFO",0,False,"San Diego, CA",en,#Americanairlines
1333982306898382848,2020-12-02 03:52:20,America Airlines you truly suck!! Changed my return flight after I booked everything everything else! #americanairlines,0,False,"Los Angeles, CA",en,#Americanairlines
1333980172412997632,2020-12-02 03:43:51,"RT @jknapfel: ""Up, Up and Away with #TWA"" #AmericanAirlines #Boeing 737-800 climbs away from @PHXSkyHarbor in the #TransWorldAirlines herit‚Ä¶",0,False,,en,#Americanairlines
1333928607949864960,2020-12-02 00:18:57,"‚Å¶@AmericanAir‚Å© I am LOVING you new video but no mask on ! I am sure it will be changed !
Shoulder belt? In 30 years‚Ä¶ https://t.co/HeGsOJNL6z",1,False,"Beverly Hills, CA",en,#Americanairlines
1333904173117698048,2020-12-01 22:41:52,"RT @jknapfel: ""Up, Up and Away with #TWA"" #AmericanAirlines #Boeing 737-800 climbs away from @PHXSkyHarbor in the #TransWorldAirlines herit‚Ä¶",0,False,,en,#Americanairlines
1333893664620371970,2020-12-01 22:00:06,@AmericanAir There were also two employees walking around LAX terminal 4 with your vests on without masks on at all #americanairlines,0,False,,en,#Americanairlines
1333886593141256193,2020-12-01 21:32:00,RT @NAAedu: The Federal Aviation Administration (FAA) has issued its first airworthiness certificate for a Boeing 737 MAX built since March‚Ä¶,0,False,Worldwide,en,#Americanairlines
1333886051983691776,2020-12-01 21:29:51,The Federal Aviation Administration (FAA) has issued its first airworthiness certificate for a Boeing 737 MAX built‚Ä¶ https://t.co/mVC4EXeQYf,1,False,Tampa Bay & New England,en,#Americanairlines
1333874721788743682,2020-12-01 20:44:50,Beautiful aircraft! The #AmericanAirlines scheme looks sharp on the #Dreamliner. https://t.co/to8LKl9Jrs,0,False,"New Jersey, USA",en,#Americanairlines
1333865136218574858,2020-12-01 20:06:45,[#AmericanAirlines] Sending holiday gifts to all of its AAdvantage members | Check your inboxes tomorrow! https://t.co/V9JISO8UqE,0,False,"Los Angeles, CA",en,#Americanairlines
1333846847501332481,2020-12-01 18:54:04,American Airlines Cargo Conducts COVID-19 Vaccine Trial Flights from Miami to South America https://t.co/YMdlr0ENBU‚Ä¶ https://t.co/MHteTjsEUc,3,False,"Phoenix, AZ",en,#Americanairlines
1333826138951602178,2020-12-01 17:31:47,RT @jmlesavions: Le petit avion du jour. Plane of the day. #N187an #757 #757200 #boeing757 #757223 #americanairlines #mia #miaairport #miam‚Ä¶,0,False,Worldwide,en,#Americanairlines
1333824000817049601,2020-12-01 17:23:17,Le petit avion du jour. Plane of the day. #N187an #757 #757200 #boeing757 #757223 #americanairlines #mia‚Ä¶ https://t.co/pu4XOwcs58,2,False,Paris,en,#Americanairlines
1333801601723555844,2020-12-01 15:54:17,"RT @AviationNews: #AmericanAirlines, which is set to be the first airline to fly the #Boeing737MAX commercially, has scheduled re-activatio‚Ä¶",0,False,Winfield BC,en,#Americanairlines
1333795660882034693,2020-12-01 15:30:40,"#AmericanAirlines, which is set to be the first airline to fly the #Boeing737MAX commercially, has scheduled re-act‚Ä¶ https://t.co/0rXvgNPobJ",0,False,,en,#Americanairlines
