,tweet_id,created_at,text,likes,retweeted,location,language,airline
0,1337156409289564168,2020-12-10 22:05:05,"RT @diecastryan: Working with United a few weeks ago and we couldn‚Äôt bring flags to the airport... so we just got the paint out. JK, it‚Äôs p‚Ä¶",0,False,United Kingdom,en,#UnitedAirlines
1,1337145735167369216,2020-12-10 21:22:40,So glad to be an Elite Lifetime Titanium and Ambassador at @MarriottBonvoy Thank you for silver status not the best‚Ä¶ https://t.co/ux71N4qHB3,0,False,"Beverly Hills, CA",en,#UnitedAirlines
2,1337142744091856898,2020-12-10 21:10:47,"United Airlines Makes Sizable Investment in Carbon Sequestration

#Airlines #AirTravel #Atmosphere #CarbonEmissions‚Ä¶ https://t.co/Zx5iXrl9Jy",0,False,"Vancouver, British Columbia",en,#UnitedAirlines
3,1337138016964538372,2020-12-10 20:52:00,"RT @diecastryan: Working with United a few weeks ago and we couldn‚Äôt bring flags to the airport... so we just got the paint out. JK, it‚Äôs p‚Ä¶",0,False,"Sevilla, Espa√±a",en,#UnitedAirlines
4,1337135979581366281,2020-12-10 20:43:54,"RT @diecastryan: Working with United a few weeks ago and we couldn‚Äôt bring flags to the airport... so we just got the paint out. JK, it‚Äôs p‚Ä¶",0,False,,en,#UnitedAirlines
5,1337134452858904587,2020-12-10 20:37:50,RT @GillyArmstrong: Carbon offsets aren't enough to reduce greenhouse gas emissions. #unitedairlines working towards a more #sustainable fu‚Ä¶,0,False,,en,#UnitedAirlines
6,1337134335816765445,2020-12-10 20:37:23,Carbon offsets aren't enough to reduce greenhouse gas emissions. #unitedairlines working towards a more‚Ä¶ https://t.co/1U25T0Z8sv,1,False,,en,#UnitedAirlines
7,1337088117900267522,2020-12-10 17:33:43,"RT @diecastryan: Working with United a few weeks ago and we couldn‚Äôt bring flags to the airport... so we just got the paint out. JK, it‚Äôs p‚Ä¶",0,False,Tenochtitl√°n,en,#UnitedAirlines
8,1337087422828478470,2020-12-10 17:30:58,"RT @diecastryan: Working with United a few weeks ago and we couldn‚Äôt bring flags to the airport... so we just got the paint out. JK, it‚Äôs p‚Ä¶",0,False,"Seattle, WA",en,#UnitedAirlines
9,1337085055844245505,2020-12-10 17:21:33,United The Rise of Skywalker special livery departing 28R at ORD 12/10/20. #unitedairlines‚Ä¶ https://t.co/rvAqi3Z6pt,0,False,"Illinois, USA",en,#UnitedAirlines
10,1337082739611246598,2020-12-10 17:12:21,"RT @diecastryan: Working with United a few weeks ago and we couldn‚Äôt bring flags to the airport... so we just got the paint out. JK, it‚Äôs p‚Ä¶",0,False,"Kuala Lumpur City, Kuala Lumpur Federal Territory",en,#UnitedAirlines
11,1337082681788608512,2020-12-10 17:12:07,"Working with United a few weeks ago and we couldn‚Äôt bring flags to the airport... so we just got the paint out. JK,‚Ä¶ https://t.co/IgsyA0jsLR",64,False,,en,#UnitedAirlines
12,1337076990331990016,2020-12-10 16:49:30,RT @FoodDepository: Thank you to @Chase &amp; @United for their generous gift to help #EndHungerNow on behalf of the new United GatewaySM Card.‚Ä¶,0,False,"Chicago, IL",en,#UnitedAirlines
13,1337073835544342529,2020-12-10 16:36:58,RT @FoodDepository: Thank you to @Chase &amp; @United for their generous gift to help #EndHungerNow on behalf of the new United GatewaySM Card.‚Ä¶,0,False,chicago,en,#UnitedAirlines
14,1337069210606956547,2020-12-10 16:18:36,#UnitedAirlines Says It Will Be '100% Green' By 2050 https://t.co/iiAW76iPnF,0,False,,en,#UnitedAirlines
15,1337069070521413633,2020-12-10 16:18:02,Thank you to @Chase &amp; @United for their generous gift to help #EndHungerNow on behalf of the new United GatewaySM C‚Ä¶ https://t.co/sKbKNfxGgh,5,False,Chicago,en,#UnitedAirlines
16,1337068797237342210,2020-12-10 16:16:57,@united thank you #refund  #unitedairlines #help,0,False,Venezuela,en,#UnitedAirlines
17,1337064500197986306,2020-12-10 15:59:52,"United Airlines, Boeing 747SP #vintage #vintageairliners #airliners #united #unitedairlines #boeing #boeing747‚Ä¶ https://t.co/XVrY9DdtLJ",0,False,Argentina,en,#UnitedAirlines
18,1337060987883712512,2020-12-10 15:45:55,"Toilet plume is the dirty secret the #airlines don't address in their happy talk about cleaning, masks, middle seat‚Ä¶ https://t.co/uS1noN61sC",0,False,,en,#UnitedAirlines
19,1337052730301554695,2020-12-10 15:13:06,"RT @TravelAgentMall: TravelAgentMall brings you the best airfare deals on United Airlines.
Book now: https://t.co/6W6hhhozdO
#exclusive #de‚Ä¶",0,False,"Southfield, MI",en,#UnitedAirlines
20,1337049251126325249,2020-12-10 14:59:17,#UnitedAirlines Aims to Go ‚Äò100% Green‚Äô by 2050 Through Carbon Capture https://t.co/pxVvvARBwc,0,False,,en,#UnitedAirlines
21,1337030421977178113,2020-12-10 13:44:28,@united makes it feel real safe when before boarding  crew doesn‚Äôt even have mask on. Flt 554 EWR to Lax 1 hrs ago.‚Ä¶ https://t.co/fSqpbopHsV,0,False,los angeles,en,#UnitedAirlines
22,1337023276531343362,2020-12-10 13:16:04,"RT @Studio_kocyun: UNITED AIRLINES
BOEING 787-9
DREAM LINER
#UNITED #Boeing 
#UnitedAirlines #„Éú„Éº„Ç§„É≥„Ç∞ #ÊàêÁî∞ https://t.co/GI8b631jQs",0,False,,en,#UnitedAirlines
23,1337021906852192257,2020-12-10 13:10:37,"Guess what folks. @united on flight UA1731 back on Dec 8th 2020, just let a passenger on that was puking all over t‚Ä¶ https://t.co/G3f0kUrScf",0,False,Oklahoma (Aka Indian Territory,en,#UnitedAirlines
24,1336983362557251584,2020-12-10 10:37:28,"Passengers of United Airlines will soon be able to access the airline's automated, customer service on-demand hubs,‚Ä¶ https://t.co/NshlXZBc23",0,False,Malaysia,en,#UnitedAirlines
25,1336893528404848641,2020-12-10 04:40:30,"United bullying more people. https://t.co/Y4hPPtMVxg
#unitedairlines #corruption #bully #unitedairlinesistheworst‚Ä¶ https://t.co/IYj0E91Oul",0,False,,en,#UnitedAirlines
26,1336844372688551937,2020-12-10 01:25:10,@united Correction you only support Active Duty members and Veterans. As you don't recognize Reserve and National G‚Ä¶ https://t.co/T1bycei4IN,0,False,"Minneapolis, MN",en,#UnitedAirlines
27,1336838593981997056,2020-12-10 01:02:12,#Veterans #ArmyNationalGuard #NoSupport #UnitedAirlines #CapitalOne #Pandemic ultimately @united $1800+.. every tra‚Ä¶ https://t.co/4koFJuExCO,0,False,"Minneapolis, MN",en,#UnitedAirlines
28,1336827961387802629,2020-12-10 00:19:57,"RT @plainsandplanes: Taking in those morning rays üåÑ

‚úàÔ∏èN471CA Mitsubishi CRJ-200LR opened by @skywestairlines operating as @united UA4759
üõ´‚Ä¶",0,False,"Fargo, ND",en,#UnitedAirlines
29,1336827024237875206,2020-12-10 00:16:14,"RT @BoeingSCSpotter: Two United 787-9‚Äòs (N19986 &amp; N28987) at Boeing SC awaiting delivery.

#United #UnitedAirlines #Boeing #BoeingSC #Charl‚Ä¶",0,False,"North Charleston, S.C.",en,#UnitedAirlines
30,1336771326804111361,2020-12-09 20:34:54,Boeing resumes deliveries of 737 MAX with aircraft to United Airlines. #boeing #737MAX #unitedairlines‚Ä¶ https://t.co/EExPc52R8r,0,False,,en,#UnitedAirlines
31,1336716460266287106,2020-12-09 16:56:53,"United Launches Virtual, On Demand Customer Service at the Airport https://t.co/BV5MkcEDrD #unitedairlines https://t.co/v8RurcrB3U",2,False,"Goodyear, AZ",en,#UnitedAirlines
32,1336716299385397257,2020-12-09 16:56:15,"United Launches Virtual, On Demand Customer Service at the Airport https://t.co/P5QFTW8laf #unitedairlines https://t.co/1wtdAODgYW",1,False,"Phoenix, AZ",en,#UnitedAirlines
33,1336709027229798400,2020-12-09 16:27:21,"Taking in those morning rays üåÑ

‚úàÔ∏èN471CA Mitsubishi CRJ-200LR opened by @skywestairlines operating as @united UA475‚Ä¶ https://t.co/MwPQjRD6xP",1,False,"West Fargo, ND",en,#UnitedAirlines
34,1336679646541340672,2020-12-09 14:30:36,"In a hallmark moment, #Boeing delivered its first #Boeing737MAX aircraft to #UnitedAirlines since the groundings in‚Ä¶ https://t.co/Sye0KdcIMn",1,False,,en,#UnitedAirlines
35,1336675554766987264,2020-12-09 14:14:21,"For the 1st time since 3/20/19, 737-9 to #unitedairlines https://t.co/7UsmceFWyx",0,False,"Seattle, WA",en,#UnitedAirlines
36,1336672400507871234,2020-12-09 14:01:49,"RT @virtualUA: Whether you're flying alone or with friends, VirtualUA is here to make your flights a breeze! Sign up at https://t.co/BudSRx‚Ä¶",0,False,Worldwide,en,#UnitedAirlines
37,1336672289736290305,2020-12-09 14:01:22,"Whether you're flying alone or with friends, VirtualUA is here to make your flights a breeze! Sign up at‚Ä¶ https://t.co/Lq7IkVFCVr",5,False,"Dallas, Texas",en,#UnitedAirlines
38,1336671965113954304,2020-12-09 14:00:05,"RT @diecastryan: United‚Äôs 787-10 from a different angle. Photo taken nearly 2 years ago, just before the inaugural flight. #united #UnitedA‚Ä¶",0,False,"Buenos Aires, Argentina",en,#UnitedAirlines
39,1336606377591136256,2020-12-09 09:39:28,@DavidCornDC @united Will DEFINITELY not be flying @united till this changes.  #unitedairlines https://t.co/IYIuSEJnuo,2,False,"I'm more American than you are üá∫üá∏üá∫üá∏üá∫üá∏  ""Surprised to hear this"" = You're a damn liar.",en,#UnitedAirlines
40,1336598207992901632,2020-12-09 09:07:00,"The couple was charged with reckless endangerment upon arrival in Hawaii for putting fellow passengers ""in danger o‚Ä¶ https://t.co/4TocBSXCFm",0,False,"Sydney, Australia",en,#UnitedAirlines
41,1336593060743045121,2020-12-09 08:46:33,"RT @st3v3murray: I missed my connection by minutes (mechanical) and United took care of me with a hotel, meal vouchers, and a first-class s‚Ä¶",0,False,,en,#UnitedAirlines
42,1336590048574115840,2020-12-09 08:34:34,"Guess what folks. @united on flight UA1731, which I'm on from KOA to DEN just let a passenger on that was puking al‚Ä¶ https://t.co/S8K26SFSp8",1,False,Oklahoma (Aka Indian Territory,en,#UnitedAirlines
43,1336543599895392258,2020-12-09 05:30:00,"RT @markthoms: United launches virtual, on-demand customer service at the airport https://t.co/juEFG57cKv #readlater #feedly #weareunited #‚Ä¶",0,False,,en,#UnitedAirlines
44,1336543357707956225,2020-12-09 05:29:02,"United launches virtual, on-demand customer service at the airport https://t.co/juEFG57cKv #readlater #feedly‚Ä¶ https://t.co/rfLKLOcm7t",0,False,"Mount Prospect, IL",en,#UnitedAirlines
45,1336527523216322563,2020-12-09 04:26:07,@DavidCornDC @united No #UnitedAirlines flights for me or my loved ones,2,False,"New York, NY",en,#UnitedAirlines
46,1336503193153527808,2020-12-09 02:49:26,@DavidCornDC @4_Impeachment @united Please share flight number so @CDCgov can contact trace #unitedAIRLINES,1,False,United States,en,#UnitedAirlines
47,1336497976605368320,2020-12-09 02:28:43,"RT @JaspreetTravels: A #TravelTuesday throwback to Christmas in Tokyo with the queen üëë‚úàÔ∏èüáØüáµ 

#beingunited #paxex #unitedairlines https://t.‚Ä¶",0,False,"Lancaster, PA",en,#UnitedAirlines
48,1336486755042816000,2020-12-09 01:44:07,#unitedAIRLINES best airline I‚Äôve used in a while.  Extremely professional and friendly.  I don‚Äôt believe I‚Äôll ever‚Ä¶ https://t.co/m5bVqDjzTb,0,False,,en,#UnitedAirlines
49,1336482509798985728,2020-12-09 01:27:15,"United changes policies even after you buy tickets. https://t.co/u6R7zELmOd
#unitedairlines #corruption‚Ä¶ https://t.co/13eepcnpD5",3,False,,en,#UnitedAirlines
50,1336469575643361281,2020-12-09 00:35:51,"@united @DavidCornDC Aware! Come on #UnitedAirlines the damage is done! Do better!!! There‚Äôs no, none, Zero excuse this even happened!!",0,False,United States,en,#UnitedAirlines
51,1336459900046749696,2020-12-08 23:57:25,"A #TravelTuesday throwback to Christmas in Tokyo with the queen üëë‚úàÔ∏èüáØüáµ 

#beingunited #paxex #unitedairlines https://t.co/fknP8ocWGs",29,False,"Chicago, IL",en,#UnitedAirlines
52,1336452309925052416,2020-12-08 23:27:15,"Reconsider flying @United until they sort out their mask policy; with a lax mask policy, #UnitedAirlines may become‚Ä¶ https://t.co/x1ZFG1zsYS",0,False,"Black Rock, CT",en,#UnitedAirlines
53,1336449950327005205,2020-12-08 23:17:52,RT @SLCScanner: #UnitedAirlines is taking delivery of their first #Boeing737Max since the #FAA cleared them to fly last month. #Boeing #737‚Ä¶,0,False,Utah,en,#UnitedAirlines
54,1336445595108724736,2020-12-08 23:00:34,Our shiny tail glistening in the midday sun on this great #tailtuesday ‚úàÔ∏èCome fly with us at‚Ä¶ https://t.co/374Jxy4B8Z,7,False,"Dallas, Texas",en,#UnitedAirlines
55,1336440971769249792,2020-12-08 22:42:12,#UnitedAirlines is taking delivery of their first #Boeing737Max since the #FAA cleared them to fly last month.‚Ä¶ https://t.co/5dj8cE5VoT,8,False,"West Valley City, UT",en,#UnitedAirlines
56,1336440198591287297,2020-12-08 22:39:07,"Flight UA2703 from Seattle to Seattle
https://t.co/MmJPsFA7Wb
This is the first 737 MAX delivery for United airline‚Ä¶ https://t.co/aypuey0A1m",0,False,Ireland,en,#UnitedAirlines
57,1336439545512873984,2020-12-08 22:36:32,"RT @BoeingSCSpotter: Two United 787-9‚Äòs (N19986 &amp; N28987) at Boeing SC awaiting delivery.

#United #UnitedAirlines #Boeing #BoeingSC #Charl‚Ä¶",0,False,"Seattle, WA",en,#UnitedAirlines
58,1336431982578970624,2020-12-08 22:06:29,"#unitedAIRLINES is not United on policy!
#MasksSaveLives https://t.co/YmXbiSDhyd",0,False,"Packanack Lake in Wayne, NJ",en,#UnitedAirlines
59,1336419410509172737,2020-12-08 21:16:31,"RT @BoeingSCSpotter: Two United 787-9‚Äòs (N19986 &amp; N28987) at Boeing SC awaiting delivery.

#United #UnitedAirlines #Boeing #BoeingSC #Charl‚Ä¶",0,False,Worldwide,en,#UnitedAirlines
60,1336419124835196929,2020-12-08 21:15:23,"Two United 787-9‚Äòs (N19986 &amp; N28987) at Boeing SC awaiting delivery.

#United #UnitedAirlines #Boeing #BoeingSC‚Ä¶ https://t.co/vOviz29RnI",34,False,"Charleston, SC",en,#UnitedAirlines
61,1336412184742649862,2020-12-08 20:47:48,@united I have just sent all the required details in the direct message. Is that good enough? If you are looking fo‚Ä¶ https://t.co/Qdxz7rCNJl,0,False,,en,#UnitedAirlines
62,1336407992317644802,2020-12-08 20:31:09,"[#UnitedAirlines] Schedule cuts, a lot of them surprising https://t.co/uetAJqzXLs",0,False,"Los Angeles, CA",en,#UnitedAirlines
63,1336397448353374208,2020-12-08 19:49:15,"@united #unitedAIRLINES #UnitedAirlinesLoot We have United voucher worth 3200$ due to cancellation of tickets. And,‚Ä¶ https://t.co/s279jUuZJx",0,False,,en,#UnitedAirlines
64,1336395249925705733,2020-12-08 19:40:31,@UnitedAirlines #unitedAIRLINES #UnitedAirlinesLoot We have United voucher worth 3200$ due to cancellation of ticke‚Ä¶ https://t.co/RP05qEo8WO,0,False,,en,#UnitedAirlines
65,1336394808919797764,2020-12-08 19:38:46,#unitedAIRLINES #UnitedAirlinesLoot We have United voucher worth 3200$ due to cancellation of tickets. And when we‚Ä¶ https://t.co/yRk1HI079s,0,False,,en,#UnitedAirlines
66,1336394444304773121,2020-12-08 19:37:19,#unitedAIRLINES #UnitedAirlinesLoot We have United voucher worth 3200$ due to cancellation of tickets. And when we‚Ä¶ https://t.co/608Cenm0cr,0,False,,en,#UnitedAirlines
67,1336387715055677448,2020-12-08 19:10:34,Photo op in my UA uniform!!!   #flightattendant #flightattendants #crew #crewlife #unitedairlines #ord https://t.co/XVPcscfbfS,0,False,Philadelphia ,en,#UnitedAirlines
68,1336371967981711366,2020-12-08 18:08:00,Will you get on a 737 Max ? #737maxs #unitedAIRLINES,0,False,,en,#UnitedAirlines
69,1336369182762541062,2020-12-08 17:56:56,The worst Airlines ever...attendants very unprofessional..Never again... #worstairlinesunited‚Ä¶ https://t.co/K8Pe5dNdxZ,0,False,"Norfolk, VA",en,#UnitedAirlines
70,1336365637354975232,2020-12-08 17:42:51,@united I guess some people at #UnitedAirlines don‚Äôt care about safety of their passengers https://t.co/ND5wTZ2kS6,0,False,,en,#UnitedAirlines
71,1336346322589323269,2020-12-08 16:26:06,RT @ericrojasblog: #unitedAIRLINES terminal this evening at around 5:40pm. #chicago #ohare ü¶óü¶óü¶ó https://t.co/P7UTl129R2,0,False,,en,#UnitedAirlines
72,1336311007191453696,2020-12-08 14:05:46,"RT @GailisonMarie: This is messed up .... even after asking, why couldn‚Äôt we spread out ?? @united #unitedairlines #covid19 #pandemic #Safe‚Ä¶",0,False,,en,#UnitedAirlines
73,1336192781988093953,2020-12-08 06:15:59,I follow so many flight attendants who party and vacation hard and never have on a damn mask . And testing before y‚Ä¶ https://t.co/uXTOgomiUE,1,False,Maryland,en,#UnitedAirlines
74,1336184224332853249,2020-12-08 05:41:58,"RT @PWDforMaryland: What are the most significant changes to traveling by air with service animals as a result of @USDOT final rule?

https‚Ä¶",0,False,"Washington, DC",en,#UnitedAirlines
75,1336158939252207621,2020-12-08 04:01:30,"RT @GailisonMarie: This is messed up .... even after asking, why couldn‚Äôt we spread out ?? @united #unitedairlines #covid19 #pandemic #Safe‚Ä¶",0,False,somewhere else,en,#UnitedAirlines
76,1336151108146900993,2020-12-08 03:30:23,"RT @PWDforMaryland: What are the most significant changes to traveling by air with service animals as a result of @USDOT final rule?

https‚Ä¶",0,False,,en,#UnitedAirlines
77,1336125868708683777,2020-12-08 01:50:05,RT @ericrojasblog: #unitedAIRLINES terminal this evening at around 5:40pm. #chicago #ohare ü¶óü¶óü¶ó https://t.co/P7UTl129R2,0,False,Paris on the Prairie ,en,#UnitedAirlines
78,1336106469582770177,2020-12-08 00:33:00,#USA Travel #UnitedAirlines https://t.co/BDgMqFD9Xp,1,False,"Los Angeles, California",en,#UnitedAirlines
79,1336102372620132353,2020-12-08 00:16:43,"@stypulation @united To complete the #UnitedAirlines experience, why don‚Äôt you have a drink on me this evening. https://t.co/4qVIMhoSPV",0,False,"-14.782943,-39.042728",en,#UnitedAirlines
80,1336100906522251267,2020-12-08 00:10:54,"RT @PWDforMaryland: What are the most significant changes to traveling by air with service animals as a result of @USDOT final rule?

https‚Ä¶",0,False,"Baltimore, Maryland",en,#UnitedAirlines
81,1336099268705341440,2020-12-08 00:04:23,#unitedAIRLINES terminal this evening at around 5:40pm. #chicago #ohare ü¶óü¶óü¶ó https://t.co/P7UTl129R2,28,False,"Chicago, IL",en,#UnitedAirlines
82,1336090423547326474,2020-12-07 23:29:14,"RT @GailisonMarie: This is messed up .... even after asking, why couldn‚Äôt we spread out ?? @united #unitedairlines #covid19 #pandemic #Safe‚Ä¶",0,False,806,en,#UnitedAirlines
83,1336084448358658050,2020-12-07 23:05:30,"RT @GailisonMarie: This is messed up .... even after asking, why couldn‚Äôt we spread out ?? @united #unitedairlines #covid19 #pandemic #Safe‚Ä¶",0,False,,en,#UnitedAirlines
84,1336076698769645569,2020-12-07 22:34:42,"This is messed up .... even after asking, why couldn‚Äôt we spread out ?? @united #unitedairlines #covid19 #pandemic‚Ä¶ https://t.co/3TtoVcl9Or",8,False,,en,#UnitedAirlines
85,1336066951106334721,2020-12-07 21:55:58,@united Is this true? There are no special meals on SFO-DEL? That's a 16hour flight üòÆ If there are kosher meals onb‚Ä¶ https://t.co/HhXmhPGXre,0,False,,en,#UnitedAirlines
86,1336057933763915781,2020-12-07 21:20:08,What are the most significant changes to traveling by air with service animals as a result of @USDOT final rule?‚Ä¶ https://t.co/6ifVW8u8Sb,2,False,,en,#UnitedAirlines
87,1336036648979718152,2020-12-07 19:55:34,"@Copaair_rrhh #unitedAIRLINES my flight was canceled I bought it 3 months AGO
From Houston to Panama to Pereira Dec‚Ä¶ https://t.co/l0ggQsohya",0,False,,en,#UnitedAirlines
88,1336036338051723264,2020-12-07 19:54:20,"@UnitedAirlinesn #unitedAIRLINES my flight was canceled I bought it 3 months AGO
From Houston to Panama to Pereira‚Ä¶ https://t.co/HypHKJjSHc",0,False,,en,#UnitedAirlines
89,1336036088675229696,2020-12-07 19:53:20,"@UnltedAirlines #unitedAIRLINES my flight was canceled I bought it 3 months AGO
From Houston to Panama to Pereira D‚Ä¶ https://t.co/1qiXgXN2Z3",0,False,,en,#UnitedAirlines
90,1336036023483199491,2020-12-07 19:53:05,"@UnitedAirElite #unitedAIRLINES my flight was canceled I bought it 3 months AGO
From Houston to Panama to Pereira D‚Ä¶ https://t.co/7bf47lmU1a",0,False,,en,#UnitedAirlines
91,1336035705060028417,2020-12-07 19:51:49,"#unitedAIRLINES my flight was canceled I bought it 3 months AGO
From Houston to Panama to Pereira December 18 2020‚Ä¶ https://t.co/DVkOhFecw9",1,False,,en,#UnitedAirlines
92,1336031120048140288,2020-12-07 19:33:35,"This article is a little old, but if anything United Airlines continues to get worse. https://t.co/gdOFkMSYxE‚Ä¶ https://t.co/LUGL0c6n99",0,False,,en,#UnitedAirlines
93,1336015511683919872,2020-12-07 18:31:34,https://t.co/92X5fVZ5GH #UnitedAirlines #Airlines More shenanigans demonstrating the bottomless utter greed of the‚Ä¶ https://t.co/v3IkuKKR3G,0,False,"Scottsdale, Arizona",en,#UnitedAirlines
94,1336005727454777346,2020-12-07 17:52:41,@united Loving the #HotChocolate on my flight from #Detroit to #Denver very #Christmasy #UnitedAirlines https://t.co/kYm3AHxQ9a,0,False,LA.NYC,en,#UnitedAirlines
95,1335989754828042241,2020-12-07 16:49:13,RT @jfkjetsofficial: A @united Boeing 737 doing the airplane version of the Jersey Shore Fist Pump as she departs EWR in this A2A shot I to‚Ä¶,0,False,SEAPORT1A,en,#UnitedAirlines
96,1335951194028707841,2020-12-07 14:16:00,"RT @AndreaWeitz3: Sitting on a United Airlines Flight. They say they are all about safety, however, the front of the plane is EMPTY while t‚Ä¶",0,False,,en,#UnitedAirlines
97,1335941692503908354,2020-12-07 13:38:14,RT @jfkjetsofficial: A @united Boeing 737 doing the airplane version of the Jersey Shore Fist Pump as she departs EWR in this A2A shot I to‚Ä¶,0,False,„Åï„Å£„ÅΩ„Çç‚Üí„Åã„Å™„Åñ„Çè,en,#UnitedAirlines
98,1335939288152895493,2020-12-07 13:28:41,Transoft Solutions hosting webinar with United on Aircraft Parking Challenges https://t.co/oP477fsRtz @Transoft‚Ä¶ https://t.co/v3cgi0yde7,1,False,"Devon, UK",en,#UnitedAirlines
99,1335936175517863938,2020-12-07 13:16:19,RT @jfkjetsofficial: A @united Boeing 737 doing the airplane version of the Jersey Shore Fist Pump as she departs EWR in this A2A shot I to‚Ä¶,0,False,il,en,#UnitedAirlines
100,1335935846726438913,2020-12-07 13:15:01,RT @jfkjetsofficial: A @united Boeing 737 doing the airplane version of the Jersey Shore Fist Pump as she departs EWR in this A2A shot I to‚Ä¶,0,False,,en,#UnitedAirlines
101,1335935655927484419,2020-12-07 13:14:15,RT @jfkjetsofficial: A @united Boeing 737 doing the airplane version of the Jersey Shore Fist Pump as she departs EWR in this A2A shot I to‚Ä¶,0,False,"30,000 ft üõ´",en,#UnitedAirlines
102,1335926924137336838,2020-12-07 12:39:33,RT @jfkjetsofficial: A @united Boeing 737 doing the airplane version of the Jersey Shore Fist Pump as she departs EWR in this A2A shot I to‚Ä¶,0,False,,en,#UnitedAirlines
103,1335878533235806209,2020-12-07 09:27:16,RT @jfkjetsofficial: A @united Boeing 737 doing the airplane version of the Jersey Shore Fist Pump as she departs EWR in this A2A shot I to‚Ä¶,0,False,"Dubai, United Arab Emirates",en,#UnitedAirlines
104,1335849039066107905,2020-12-07 07:30:04,RT @jfkjetsofficial: A @united Boeing 737 doing the airplane version of the Jersey Shore Fist Pump as she departs EWR in this A2A shot I to‚Ä¶,0,False,üá≠üáπüá¨üáßüá∫üá∏,en,#UnitedAirlines
105,1335848640082890752,2020-12-07 07:28:29,RT @jfkjetsofficial: A @united Boeing 737 doing the airplane version of the Jersey Shore Fist Pump as she departs EWR in this A2A shot I to‚Ä¶,0,False,"‡§™‡§Ç‡§ú‡§æ‡§¨, ‡§≠‡§æ‡§∞‡§§",en,#UnitedAirlines
106,1335848562056331264,2020-12-07 07:28:10,RT @jfkjetsofficial: A @united Boeing 737 doing the airplane version of the Jersey Shore Fist Pump as she departs EWR in this A2A shot I to‚Ä¶,0,False,Êó•Êú¨üáØüáµ ‰∫¨ÈÉΩ,en,#UnitedAirlines
107,1335826963009695744,2020-12-07 06:02:21,RT @jfkjetsofficial: A @united Boeing 737 doing the airplane version of the Jersey Shore Fist Pump as she departs EWR in this A2A shot I to‚Ä¶,0,False,All relevant universes,en,#UnitedAirlines
108,1335822792424628225,2020-12-07 05:45:46,RT @jfkjetsofficial: A @united Boeing 737 doing the airplane version of the Jersey Shore Fist Pump as she departs EWR in this A2A shot I to‚Ä¶,0,False,"Gen√®ve, Suisse",en,#UnitedAirlines
109,1335788575431004163,2020-12-07 03:29:48,I HATE #UNITEDAIRLINES,1,False,,en,#UnitedAirlines
110,1335785657260761089,2020-12-07 03:18:13,"Star Alliance CDF taxi-by
.
.
.
#StarAlliance #CDF #centraldeicingfacility #airplane #united #unitedairlines #B777‚Ä¶ https://t.co/66yWJaVLS0",0,False,ORD/KRK/GFK/MSP,en,#UnitedAirlines
111,1335778057211277313,2020-12-07 02:48:01,RT @jfkjetsofficial: A @united Boeing 737 doing the airplane version of the Jersey Shore Fist Pump as she departs EWR in this A2A shot I to‚Ä¶,0,False,"Washington, DC",en,#UnitedAirlines
112,1335777596303294464,2020-12-07 02:46:11,RT @jfkjetsofficial: A @united Boeing 737 doing the airplane version of the Jersey Shore Fist Pump as she departs EWR in this A2A shot I to‚Ä¶,0,False,Drink Milo. Every day.,en,#UnitedAirlines
113,1335776267715670016,2020-12-07 02:40:54,"RT @JTAH_1990: BLOG | NEW JERSEY 2019 

1. https://t.co/oPey5dvaLX

2. https://t.co/jJ4mWzv69C

3. https://t.co/U6rmwOLKQ4

4. https://t.co‚Ä¶",0,False,"Bilston, England",en,#UnitedAirlines
114,1335767728980807680,2020-12-07 02:06:58,RT @jfkjetsofficial: A @united Boeing 737 doing the airplane version of the Jersey Shore Fist Pump as she departs EWR in this A2A shot I to‚Ä¶,0,False,"Palembang, Indonesia ",en,#UnitedAirlines
115,1335761735278530560,2020-12-07 01:43:09,RT @jfkjetsofficial: A @united Boeing 737 doing the airplane version of the Jersey Shore Fist Pump as she departs EWR in this A2A shot I to‚Ä¶,0,False,,en,#UnitedAirlines
116,1335759226518577157,2020-12-07 01:33:11,** !!!  #TWEETofTheDay :  #UnitedAirlines bans couple that boarded #plane after #testing positive for #COVID19 &gt;‚Ä¶ https://t.co/N9neO3YVNt,2,False,Earth,en,#UnitedAirlines
117,1335755178629271552,2020-12-07 01:17:06,RT @jfkjetsofficial: A @united Boeing 737 doing the airplane version of the Jersey Shore Fist Pump as she departs EWR in this A2A shot I to‚Ä¶,0,False,Worldwide,en,#UnitedAirlines
118,1335755161264852994,2020-12-07 01:17:02,RT @jfkjetsofficial: A @united Boeing 737 doing the airplane version of the Jersey Shore Fist Pump as she departs EWR in this A2A shot I to‚Ä¶,0,False,,en,#UnitedAirlines
119,1335752634284662785,2020-12-07 01:06:59,RT @jfkjetsofficial: A @united Boeing 737 doing the airplane version of the Jersey Shore Fist Pump as she departs EWR in this A2A shot I to‚Ä¶,0,False,,en,#UnitedAirlines
120,1335752260605734912,2020-12-07 01:05:30,RT @jfkjetsofficial: A @united Boeing 737 doing the airplane version of the Jersey Shore Fist Pump as she departs EWR in this A2A shot I to‚Ä¶,0,False,"Kuala Lumpur City, Kuala Lumpur Federal Territory",en,#UnitedAirlines
121,1335729696684666880,2020-12-06 23:35:51,RT @jfkjetsofficial: A @united Boeing 737 doing the airplane version of the Jersey Shore Fist Pump as she departs EWR in this A2A shot I to‚Ä¶,0,False,"Seattle, WA",en,#UnitedAirlines
122,1335665957386248197,2020-12-06 19:22:34,RT @jfkjetsofficial: A @united Boeing 737 doing the airplane version of the Jersey Shore Fist Pump as she departs EWR in this A2A shot I to‚Ä¶,0,False,,en,#UnitedAirlines
123,1335661564427464704,2020-12-06 19:05:07,What does #Fashion &amp; #UnitedAirlines have in common ?  ? #Retweet https://t.co/m8tC6CWcTF,0,False,London ENGLAND,en,#UnitedAirlines
124,1335646625419694084,2020-12-06 18:05:45,RT @jfkjetsofficial: A @united Boeing 737 doing the airplane version of the Jersey Shore Fist Pump as she departs EWR in this A2A shot I to‚Ä¶,0,False,"Riverview, FL",en,#UnitedAirlines
125,1335644688276189184,2020-12-06 17:58:03,It‚Äôs a gorgeous morning here in Denver! @UnitedinDEN #UnitedAirlines #flying #ERJ175 #UnitedExpress https://t.co/Cka9rt9Qxn,10,False,"Denver, CO",en,#UnitedAirlines
126,1335643676886802433,2020-12-06 17:54:02,RT @jfkjetsofficial: A @united Boeing 737 doing the airplane version of the Jersey Shore Fist Pump as she departs EWR in this A2A shot I to‚Ä¶,0,False,"Victoria-Fraserview, Vancouver",en,#UnitedAirlines
127,1335639386571091975,2020-12-06 17:36:59,A @united Boeing 737 doing the airplane version of the Jersey Shore Fist Pump as she departs EWR in this A2A shot I‚Ä¶ https://t.co/Op8raMiVrY,243,False,"New York, NY",en,#UnitedAirlines
128,1335578688457486339,2020-12-06 13:35:47,RT @diecastryan: It‚Äôs easy to say things are getting better in the airline industry until you see photos like this... We have a long road a‚Ä¶,0,False,,en,#UnitedAirlines
129,1335578351516389378,2020-12-06 13:34:27,"RT @diecastryan: Today is the final day to order United pride canvases, posters, and luggage tags! We‚Äôve raised more than $2,000 for the Tr‚Ä¶",0,False,,en,#UnitedAirlines
130,1335437970669768706,2020-12-06 04:16:38,RT @RatherBTVLing: #Sunset from the #UnitedAirlines lounge in Honolulu #HNL NEVER the same twice.  #photography #nature #MotherNature #beau‚Ä¶,0,False,Worldwide,en,#UnitedAirlines
131,1335437561636917250,2020-12-06 04:15:00,#Sunset from the #UnitedAirlines lounge in Honolulu #HNL NEVER the same twice.  #photography #nature #MotherNature‚Ä¶ https://t.co/w5pnslFxSL,4,False,Planet Earth,en,#UnitedAirlines
132,1335423021431934977,2020-12-06 03:17:13,#unitedairlines sucks. I had a cruise that was cancelled due to coronavirus. I made the mistake of choosing to fly‚Ä¶ https://t.co/TnsFpnVFy9,1,False,"Lehi, UT",en,#UnitedAirlines
133,1335406772727795712,2020-12-06 02:12:39,"Sitting on a United Airlines Flight. They say they are all about safety, however, the front of the plane is EMPTY w‚Ä¶ https://t.co/L0raGcvpZ1",2,False,,en,#UnitedAirlines
134,1335372760470548480,2020-12-05 23:57:30,"Congratulations, Pablo on your 15th work anniversary with #UnitedAirlines #teamSEArocks #whyilovemyjob #beingunited‚Ä¶ https://t.co/NgilYhFmBo",23,False,"SeaTac, WA",en,#UnitedAirlines
135,1335371418549227522,2020-12-05 23:52:10,"RT @JaspreetTravels: A moonrise as seen from a United 757 over the Atlantic Ocean a few summers back on ORD-EDI üåô ‚úàÔ∏è 

#myunitedjourney #un‚Ä¶",0,False,"Nashville, TN",en,#UnitedAirlines
136,1335370092343922691,2020-12-05 23:46:54,"RT @JaspreetTravels: A moonrise as seen from a United 757 over the Atlantic Ocean a few summers back on ORD-EDI üåô ‚úàÔ∏è 

#myunitedjourney #un‚Ä¶",0,False,Worldwide,en,#UnitedAirlines
137,1335369590537396225,2020-12-05 23:44:55,"A moonrise as seen from a United 757 over the Atlantic Ocean a few summers back on ORD-EDI üåô ‚úàÔ∏è 

#myunitedjourney‚Ä¶ https://t.co/1KqATWYS4B",10,False,"Chicago, IL",en,#UnitedAirlines
138,1335334558686855168,2020-12-05 21:25:42,On this plane back to the crib and the flight attendant is exhausted having to explain face mask requirements. I FEEL YOU. #unitedairlines,1,False,Chicago,en,#UnitedAirlines
139,1335313059112370180,2020-12-05 20:00:16,$UAL Adopts Tax Benefits Preservation Plan To Protect Valuable Tax Assets        #UnitedAirlines    https://t.co/OWscT0riQu,0,False,"Las Vegas, NV",en,#UnitedAirlines
140,1335303800354115585,2020-12-05 19:23:29,RT @diecastryan: A United 737 taking off from Boston Logan. #united #unitedairlines #boeing #loganairport #boston #aviation #aviationphotog‚Ä¶,0,False,London,en,#UnitedAirlines
141,1335273000535470087,2020-12-05 17:21:06,"It looks like United makes it their business to cover things up. https://t.co/mWUpebXf18
#unitedairlines #coverup‚Ä¶ https://t.co/yL1M7AmLoY",0,False,,en,#UnitedAirlines
142,1335271356070383621,2020-12-05 17:14:34,"Photo of the full flight.
#donotflyunited #pandemic #pandemictravel #healthandsafety #WeAreUnited #UnitedAirlines https://t.co/unLjZudiWJ",1,False,"New York, NY",en,#UnitedAirlines
143,1335258706032857093,2020-12-05 16:24:18,Stunning shot. #unitedairlines #avgeeks https://t.co/o2VeWr2bo7,0,False,,en,#UnitedAirlines
144,1335236037388320783,2020-12-05 14:54:13,Please social distance. Please stand 6 feet apart. Don‚Äôt sit next to each other. Can‚Äôt try clothes on in a fitting‚Ä¶ https://t.co/WJ7X1j3Iej,0,False,,en,#UnitedAirlines
145,1335205547897835523,2020-12-05 12:53:04,"UNITED AIRLINES
BOEING 787-9
DREAM LINER
#UNITED #Boeing 
#UnitedAirlines #„Éú„Éº„Ç§„É≥„Ç∞ #ÊàêÁî∞ https://t.co/GI8b631jQs",0,False,Japan,en,#UnitedAirlines
146,1335191542827528200,2020-12-05 11:57:25,"#UAL107 (B788): #MUC (Munich) to #IAD (Washington, DC). 0.9 mi away @ 39975 ft, heading NW @ 511.0kts / time 12:57:‚Ä¶ https://t.co/pW3WZKhIan",0,False,"Venhuizen, Netherlands",en,#UnitedAirlines
147,1335178754478530560,2020-12-05 11:06:36,"RT @michaelstanat: Interesting @united marketing strategy and communications for flying in the times of COVID-19.

#flying #unitedairlines‚Ä¶",0,False,"Paris, France",en,#UnitedAirlines
148,1335178682047016960,2020-12-05 11:06:18,"Interesting @united marketing strategy and communications for flying in the times of COVID-19.

#flying‚Ä¶ https://t.co/vnXONlo2E0",0,False,Global | NYC | Shanghai,en,#UnitedAirlines
149,1335090210858733568,2020-12-05 05:14:45,"Yet another thing United was trying to Cover-up https://t.co/xqdKxGFWgP
#unitedairlines #corruption‚Ä¶ https://t.co/tez5fxZjNx",1,False,,en,#UnitedAirlines
150,1335088705707659265,2020-12-05 05:08:46,Earn A Bonus For Funding Your United TravelBank https://t.co/XUbMOD9JLg #readlater #feedly #weareunited‚Ä¶ https://t.co/kF2g7FBJgL,0,False,"Mount Prospect, IL",en,#UnitedAirlines
151,1335020620711604226,2020-12-05 00:38:14,"#UnitedAirlines bans #Hawaii couple that flew despite positive COVID-19 test

https://t.co/HUgggoZyoR",1,False,,en,#UnitedAirlines
152,1334957150637088768,2020-12-04 20:26:01,"BLOG | NEW JERSEY 2019 

1. https://t.co/oPey5dvaLX

2. https://t.co/jJ4mWzv69C

3. https://t.co/U6rmwOLKQ4

4.‚Ä¶ https://t.co/x6sA4NEkJF",0,False,"Bilston, England",en,#UnitedAirlines
153,1334956998979444750,2020-12-04 20:25:25,"@katspillsthetea BLOG | NEW JERSEY 2019 

1. https://t.co/oPey5dvaLX

2. https://t.co/jJ4mWzv69C

3.‚Ä¶ https://t.co/7OITVyd5x3",0,False,"Bilston, England",en,#UnitedAirlines
154,1334934304250585090,2020-12-04 18:55:14,please consider donating your #unitedairlines miles to @SupportUtila like I did - they are a small and beautiful is‚Ä¶ https://t.co/Q8f7fo0zc7,2,False,"New York, NY",en,#UnitedAirlines
155,1334907634709774336,2020-12-04 17:09:16,I‚Äôd rather buy value stocks than Sheffield Utd defenders rn #unitedairlines #WhattheETF,1,False,,en,#UnitedAirlines
156,1334896257223938054,2020-12-04 16:24:03,"RT @lammdogg: Happy Friday üíô Look for the beauty all around you. There's more to see than what's directly in front of you.
#beingUnited #un‚Ä¶",0,False,"Chicago, IL",en,#UnitedAirlines
157,1334889789485682690,2020-12-04 15:58:21,Happy Friday üíô Look for the beauty all around you. There's more to see than what's directly in front of you.‚Ä¶ https://t.co/IZQGovf3Bg,52,False,Chicago O'hare,en,#UnitedAirlines
158,1334860574509953025,2020-12-04 14:02:16,United Airlines to clean its cockpits using ultraviolet lights https://t.co/CMQQQERQEe #unitedairlines #travel #safety #invest #AUVISTock,1,False,"Mount Vernon, NY",en,#UnitedAirlines
159,1334846575840030722,2020-12-04 13:06:38,"#RT @phocuswire: LIVE BLOG: Airlines see ""oasis"" in entertainment, energy sectors during pandemic‚Ä¶ https://t.co/o1zC69fi9W",0,False,"Miami, FL",en,#UnitedAirlines
160,1334845105056968706,2020-12-04 13:00:47,United Airlines to receive first 737 MAX since grounding. #boeing #unitedairlines #737max https://t.co/59BFh7QgfM https://t.co/m1mG8wdjSU,0,False,,en,#UnitedAirlines
161,1334835341967036417,2020-12-04 12:22:00,"LIVE BLOG: Airlines see ""oasis"" in entertainment, energy sectors during pandemic

https://t.co/G6TAkP7SKb via‚Ä¶ https://t.co/tpB67C3iWa",0,False,"New York, USA",en,#UnitedAirlines
162,1334722819343716352,2020-12-04 04:54:52,"RT @DFWAirport: This #ThrowbackThursday from 2019 has us wishing for a #Mandalorian-themed livery... Any chance of making that happen, @Uni‚Ä¶",0,False,dreamland,en,#UnitedAirlines
163,1334721788496973824,2020-12-04 04:50:46,Couple Arrested After Knowingly Getting on Hawaii-Bound Flight With Coronavirus https://t.co/ET036fByyh #readlater‚Ä¶ https://t.co/wYrmEyK2X6,0,False,"Mount Prospect, IL",en,#UnitedAirlines
164,1334708715300196353,2020-12-04 03:58:50,"RT @DFWAirport: This #ThrowbackThursday from 2019 has us wishing for a #Mandalorian-themed livery... Any chance of making that happen, @Uni‚Ä¶",0,False,,en,#UnitedAirlines
165,1334690083056676865,2020-12-04 02:44:47,"RT @DFWAirport: This #ThrowbackThursday from 2019 has us wishing for a #Mandalorian-themed livery... Any chance of making that happen, @Uni‚Ä¶",0,False,"West Hollywood, CA",en,#UnitedAirlines
166,1334677647524237316,2020-12-04 01:55:22,RT @CAFFREY1_USA: @IAMONLYCAFFREY @__CAFFREY__USA @infowars I have known + do know who originally owned #UnitedAirlines miles (for decades‚Ä¶,0,False,I HAVE BEEN+AM THE ONLY VICTIM,en,#UnitedAirlines
167,1334677608009752577,2020-12-04 01:55:13,RT @CAFFREY1_USA: @IAMONLYCAFFREY @__CAFFREY__USA @infowars Is #LVMPD employee #Hunter(surname)in 6/2015 relative 2scumbag #Hunter lying is‚Ä¶,0,False,I HAVE BEEN+AM THE ONLY VICTIM,en,#UnitedAirlines
168,1334658518054543360,2020-12-04 00:39:22,#unitedairlines traveling with United for over 20 years now never really an issue. This last trip I'm taking United‚Ä¶ https://t.co/wjLEaoGEDV,0,False,"New York, USA",en,#UnitedAirlines
169,1334649766119137280,2020-12-04 00:04:35,@Stash Let‚Äôs do this thing #StashStockParty !!!  One of the good things we have left !!!  How about some a #UnitedAirlines stock?,7,False,"The Best Coast (East), USA",en,#UnitedAirlines
170,1334641658240118784,2020-12-03 23:32:22,With additional training could #flightattendant #Pilots and #baggagehandlers Etc Be quickly #trained to learn to ha‚Ä¶ https://t.co/lsi0OS5F4v,1,False,"Lakewood, Ohio",en,#UnitedAirlines
171,1334619264297340929,2020-12-03 22:03:23,"RT @DFWAirport: This #ThrowbackThursday from 2019 has us wishing for a #Mandalorian-themed livery... Any chance of making that happen, @Uni‚Ä¶",0,False,NICN,en,#UnitedAirlines
172,1334616724906369026,2020-12-03 21:53:17,"RT @DFWAirport: This #ThrowbackThursday from 2019 has us wishing for a #Mandalorian-themed livery... Any chance of making that happen, @Uni‚Ä¶",0,False,"Chicago, IL",en,#UnitedAirlines
173,1334606609771880448,2020-12-03 21:13:06,"Southwest Airlines May Furlough 6,900 Employees

$LUV #AirTravel #AmericanAirlines #CoronaVirus #COVID19 #Crisis‚Ä¶ https://t.co/fm6a4I0oKo",0,False,"New York, New York",en,#UnitedAirlines
174,1334598838812897282,2020-12-03 20:42:13,"#UnitedAirlines says will be first to receive #737MAX delivery

V√≠a @Reuters https://t.co/j1cOkiZUxA https://t.co/ZQUjnoc0hi",0,False,Barquisimeto-Venezuela,en,#UnitedAirlines
175,1334592411998302210,2020-12-03 20:16:41,"RT @RatherBTVLing: Wow, the Golden Gate, from 38,000 feet, heading to #hnl, #flying #unitedairlines #avgeeks #AvGeek #travelphotography #pl‚Ä¶",0,False,Worldwide,en,#UnitedAirlines
176,1334590516822827008,2020-12-03 20:09:09,"Wow, the Golden Gate, from 38,000 feet, heading to #hnl, #flying #unitedairlines #avgeeks #AvGeek‚Ä¶ https://t.co/2wfiHGwwC0",2,False,Planet Earth,en,#UnitedAirlines
177,1334580950320242688,2020-12-03 19:31:08,"RT @DFWAirport: This #ThrowbackThursday from 2019 has us wishing for a #Mandalorian-themed livery... Any chance of making that happen, @Uni‚Ä¶",0,False,Chicago,en,#UnitedAirlines
178,1334551884976164865,2020-12-03 17:35:38,"Police: Couple flew to #Hawaii despite positive virus tests #WesleyMoribe , 41, and #CourtneyPeterson , 46, boarded‚Ä¶ https://t.co/krt7XcPWXn",1,False,,en,#UnitedAirlines
179,1334549942472302592,2020-12-03 17:27:55,#unitedairlines is responsible for allowing a couple who were covid positive to board a flight. They knowingly expo‚Ä¶ https://t.co/OEAvIxItWm,0,False,"a galaxy far, far away",en,#UnitedAirlines
180,1334548582758756352,2020-12-03 17:22:31,"#UNITEDAIRLINES so busy not enough gates to handle traffic in Denver. SAY WHAT???,",0,False,"California, USA",en,#UnitedAirlines
181,1334544986164125696,2020-12-03 17:08:14,"Midday #NASDAQ Top 100 Volume Leaders
#China Sxt Pharmaceuticals Inc ( $SXTC)
#Nano Dimension Ads ( $NNDM)
The‚Ä¶ https://t.co/mKHnF0LBtp",0,False,USA,en,#UnitedAirlines
182,1334537929121783809,2020-12-03 16:40:11,Where shall I travel to first? I‚Äôm going all over the US of course. See some family in Cali. We got the vaccine bab‚Ä¶ https://t.co/v621HF97wj,0,False,"Colorado, USA",en,#UnitedAirlines
183,1334537497389494272,2020-12-03 16:38:28,"RT @DFWAirport: This #ThrowbackThursday from 2019 has us wishing for a #Mandalorian-themed livery... Any chance of making that happen, @Uni‚Ä¶",0,False,"Knoxville, TN",en,#UnitedAirlines
184,1334535059282399243,2020-12-03 16:28:47,Couple who tested positive for Covid are arrested after boarding flight #COVID ##COVID19 #SanFrancisco #Hawaii‚Ä¶ https://t.co/kFhpGHDIlK,0,False,San Francisco,en,#UnitedAirlines
185,1334533585135603721,2020-12-03 16:22:55,"RT @DFWAirport: This #ThrowbackThursday from 2019 has us wishing for a #Mandalorian-themed livery... Any chance of making that happen, @Uni‚Ä¶",0,False,"Fort Worth, TX",en,#UnitedAirlines
186,1334532010879148034,2020-12-03 16:16:40,Inclusive design is critical in every facet of the travel experience. Kudos to the digital team! #BeingUnited‚Ä¶ https://t.co/nFvOatHZys,0,False,"Houston, TX",en,#UnitedAirlines
187,1334522108743987206,2020-12-03 15:37:19,"RT @DFWAirport: This #ThrowbackThursday from 2019 has us wishing for a #Mandalorian-themed livery... Any chance of making that happen, @Uni‚Ä¶",0,False,USA,en,#UnitedAirlines
188,1334520741950320642,2020-12-03 15:31:53,"RT @planespottersdf: @united at @columbusairport 
-
One of my favorite Airlines! 
Go check out the photos on my instagram! 
*link in bio*‚Ä¶",0,False,Worldwide,en,#UnitedAirlines
189,1334518259383742464,2020-12-03 15:22:01,So who‚Äôs hand is up who‚Äôs...???? #DOD #airlineindustry #airlines #departmentofdefense ...maybe #unitedairlines coul‚Ä¶ https://t.co/iZfGKSkdQH,0,False,"Brooklyn, NY",en,#UnitedAirlines
190,1334517258765410306,2020-12-03 15:18:03,"@united at @columbusairport 
-
One of my favorite Airlines! 
Go check out the photos on my instagram! 
*link in bio‚Ä¶ https://t.co/ZpK9RRyPyE",3,False,United States,en,#UnitedAirlines
191,1334514992775884804,2020-12-03 15:09:03,"Who else saved money and is ready to fly? I‚Äôve been going stir crazy for a year, saved vacation time, haven‚Äôt done‚Ä¶ https://t.co/pZuguck6hP",0,False,"Colorado, USA",en,#UnitedAirlines
192,1334513767883956227,2020-12-03 15:04:10,‚ù§Ô∏è787-10 as it debuted our award winning Inflight entertainment with the world‚Äôs most extensive suite of accessibil‚Ä¶ https://t.co/dlSkDPu59L,0,False,"California, USA",en,#UnitedAirlines
193,1334513445232840708,2020-12-03 15:02:54,"RT @DFWAirport: This #ThrowbackThursday from 2019 has us wishing for a #Mandalorian-themed livery... Any chance of making that happen, @Uni‚Ä¶",0,False,DFW,en,#UnitedAirlines
194,1334513116110057479,2020-12-03 15:01:35,"RT @DFWAirport: This #ThrowbackThursday from 2019 has us wishing for a #Mandalorian-themed livery... Any chance of making that happen, @Uni‚Ä¶",0,False,Worldwide,en,#UnitedAirlines
195,1334512524184727554,2020-12-03 14:59:14,"RT @DFWAirport: This #ThrowbackThursday from 2019 has us wishing for a #Mandalorian-themed livery... Any chance of making that happen, @Uni‚Ä¶",0,False,,en,#UnitedAirlines
196,1334512288179621888,2020-12-03 14:58:18,"RT @DFWAirport: This #ThrowbackThursday from 2019 has us wishing for a #Mandalorian-themed livery... Any chance of making that happen, @Uni‚Ä¶",0,False,"Screwston, Texas",en,#UnitedAirlines
197,1334512219132977152,2020-12-03 14:58:01,This #ThrowbackThursday from 2019 has us wishing for a #Mandalorian-themed livery... Any chance of making that happ‚Ä¶ https://t.co/mLofddJBA4,151,False,"DFW Airport, TX",en,#UnitedAirlines
198,1334505702069575680,2020-12-03 14:32:07,I can‚Äôt wait to get on a plane again man.. with the Pfizer vaccine and all the vaccines coming out I will be jumpin‚Ä¶ https://t.co/4oD5LDXqev,0,False,"Colorado, USA",en,#UnitedAirlines
199,1334485997573328896,2020-12-03 13:13:50,"@united To ensure passenger safety, Perhaps your new boarding procedure for Hawaii should be that folks have to phy‚Ä¶ https://t.co/3yxRIfThVB",0,False,"New York, USA",en,#UnitedAirlines
200,1334460014468194305,2020-12-03 11:30:35,@MerielMyers SFO and the worst hotel ever that was like mini Mogadishu because #UnitedAirlines hit us with a 12 hou‚Ä¶ https://t.co/dd1ztcVrLI,0,False,,en,#UnitedAirlines
201,1334286674176643074,2020-12-03 00:01:47,Just like United. At least they didn't put the child in an overhead bin... They've probably done they one too.‚Ä¶ https://t.co/hmJJ0lBKjs,0,False,,en,#UnitedAirlines
202,1334282930915586057,2020-12-02 23:46:55,"RT @JaspreetTravels: A #WingWednesday window seat view from one of my favorite approaches into @fly2ohare ‚úàÔ∏è üåÉ 

#avgeek #beingunited #unit‚Ä¶",0,False,Worldwide,en,#UnitedAirlines
203,1334282285554741248,2020-12-02 23:44:21,"RT @JaspreetTravels: A #WingWednesday window seat view from one of my favorite approaches into @fly2ohare ‚úàÔ∏è üåÉ 

#avgeek #beingunited #unit‚Ä¶",0,False,,en,#UnitedAirlines
204,1334234462780059658,2020-12-02 20:34:19,Another dose of Vaccine arrives in Chicago. BRU-ORD 12/02/20. #chooseohare #unitedairlines #covidvacccine #chicago‚Ä¶ https://t.co/rdTETvhwYf,0,False,"Illinois, USA",en,#UnitedAirlines
205,1334226722015891457,2020-12-02 20:03:33,"American Airlines Prepares to Reintroduce 737 Max Flights

#737MAX $AAL #Aircrafts #AmericanAirlines #Employee‚Ä¶ https://t.co/vpTwWVAFWs",0,False,"New York, New York",en,#UnitedAirlines
206,1334223594943959040,2020-12-02 19:51:08,Join us Monday at 4:00PST/7:00EST on #CaptainLaura #Facebook Live discussing #holidaytravel and #airport #health‚Ä¶ https://t.co/u6uxTPZSwD,0,False,"Los Angeles, CA",en,#UnitedAirlines
207,1334208087356559367,2020-12-02 18:49:31,"American Airlines Prepares to Reintroduce 737 Max Flights

#737MAX $AAL #Aircrafts #AmericanAirlines #employee‚Ä¶ https://t.co/8tTbxv4lzF",0,False,"Vancouver, British Columbia",en,#UnitedAirlines
208,1334206448520355842,2020-12-02 18:43:00,It's about time #airtravel #Delta #SouthwestAirlines #unitedAIRLINES #Biden https://t.co/DQmoBZUasw,0,False,"Nashville, TN",en,#UnitedAirlines
209,1334183997258297344,2020-12-02 17:13:47,"RT @TheSAnews: https://t.co/6RZUypxarY
United Airlines has announced it won't restart flights between New York and Cape Town until late 202‚Ä¶",0,False,"Cape Town, South Africa",en,#UnitedAirlines
210,1334183107528953857,2020-12-02 17:10:15,"https://t.co/6RZUypxarY
United Airlines has announced it won't restart flights between New York and Cape Town until‚Ä¶ https://t.co/lt7wrckoGr",0,False,"London, Cape Town",en,#UnitedAirlines
211,1334183070174507009,2020-12-02 17:10:06,"https://t.co/ffUR4t9guN
United Airlines has announced it won't restart flights between New York and Cape Town until‚Ä¶ https://t.co/ISKdyh2HbE",0,False,South Africa,en,#UnitedAirlines
212,1334181180082712576,2020-12-02 17:02:35,United airlines flight attendants aren‚Äôt very polite. They don‚Äôt use their manners üò° #unitedAIRLINES,2,False,Instagram : misslovelylynda,en,#UnitedAirlines
213,1334165440625577985,2020-12-02 16:00:03,As seen on¬†Hemispheres Magazine on United Airlines ‚úà Get the best quality of sleep you deserve üò¥ with the Sleep Nec‚Ä¶ https://t.co/7JNAzU7oTX,0,False,Missouri,en,#UnitedAirlines
214,1334159154282434561,2020-12-02 15:35:04,"RT @JaspreetTravels: A #WingWednesday window seat view from one of my favorite approaches into @fly2ohare ‚úàÔ∏è üåÉ 

#avgeek #beingunited #unit‚Ä¶",0,False,"Washington, DC",en,#UnitedAirlines
215,1334148811292352516,2020-12-02 14:53:58,"A #WingWednesday window seat view from one of my favorite approaches into @fly2ohare ‚úàÔ∏è üåÉ 

#avgeek #beingunited‚Ä¶ https://t.co/O4JAy4RCpI",40,False,"Chicago, IL",en,#UnitedAirlines
216,1334135527814164486,2020-12-02 14:01:11,"RT @GoLendEDU: LendEDU compared the different United Airlines MileagePlus credit cards... 

https://t.co/rgYPUhKrVA

#credit #creditcard #c‚Ä¶",0,False,"New Delhi, India",en,#UnitedAirlines
217,1334135402073120770,2020-12-02 14:00:41,"LendEDU compared the different United Airlines MileagePlus credit cards... 

https://t.co/rgYPUhKrVA

#credit‚Ä¶ https://t.co/4W2yNAYFDM",0,False,"Hoboken, New Jersey",en,#UnitedAirlines
218,1334130466744627200,2020-12-02 13:41:04,"RT @diecastryan: United‚Äôs 787-10 from a different angle. Photo taken nearly 2 years ago, just before the inaugural flight. #united #UnitedA‚Ä¶",0,False,United Kingdom,en,#UnitedAirlines
219,1334090017665331201,2020-12-02 11:00:21,"#UnitedAirlines begins flying #Pfizer‚Äôs #Covid-19 #Vaccine
https://t.co/OJCc7sw4fG https://t.co/GGCTpzND29",4,False,Barcelona,en,#UnitedAirlines
220,1334040363510636545,2020-12-02 07:43:02,It‚Äôs time to publicly shame United Airlines‚Äô so #security #online #ttwcp #unitedairlines #infosec https://t.co/xnNpyoKcVn,1,False,Singapore,en,#UnitedAirlines
221,1333956948715208704,2020-12-02 02:11:34,RT @DeirdreRyanUGE: #UGE #DEN #electrostaticspray check-in counters for #UnitedAirlines to help keep everyone #safeandhealthy @jeremylehew‚Ä¶,0,False,"Denver, CO",en,#UnitedAirlines
222,1333903616470609921,2020-12-01 22:39:39,Our United E170 @flyohare. #flightattendant #flightattendants #flightattendantlife #flightattendantlifestyle‚Ä¶ https://t.co/MAZZZv23Y1,0,False,Philadelphia ,en,#UnitedAirlines
223,1333890341829799936,2020-12-01 21:46:54,"RT @onemoreweektogo: Three different shots from the same sequence, featuring @united's special 757 in the #HerArtHere California livery! Wh‚Ä¶",0,False,"Norman, Oklahoma",en,#UnitedAirlines
224,1333874225271201794,2020-12-01 20:42:52,First class on my deadhead.  Seniority rules. Lol.  #flightattendant #flightattendants #flightattendantlife‚Ä¶ https://t.co/I9MhqYmovV,0,False,Philadelphia ,en,#UnitedAirlines
225,1333858945694392322,2020-12-01 19:42:09,RT @DeirdreRyanUGE: #UGE #DEN #electrostaticspray check-in counters for #UnitedAirlines to help keep everyone #safeandhealthy @jeremylehew‚Ä¶,0,False,"Chicago, IL",en,#UnitedAirlines
226,1333856848211038211,2020-12-01 19:33:49,"‚ÄòCommon Pass‚Äô May Open Door to Loss of Freedom 

https://t.co/g8eV3eCD3S

#airlines #unitedAIRLINES‚Ä¶ https://t.co/IUTAgKxioy",0,False,Texas,en,#UnitedAirlines
227,1333848314790481921,2020-12-01 18:59:54,Two for Tuesday. Two Star Alliance 777‚Äôs Air India and United at ORD. #chooseohare #airindia #unitedairlines #777‚Ä¶ https://t.co/GQmnuEdvqn,0,False,"Illinois, USA",en,#UnitedAirlines
228,1333843324696932356,2020-12-01 18:40:04,"@united Starts Shipping #Covid-19 #Vaccine 
#unitedairlines
https://t.co/6kymQu2Uv1 https://t.co/Cuhc1sXONw",0,False,"Toronto, Ontario",en,#UnitedAirlines
229,1333832761774280704,2020-12-01 17:58:06,@united Your trying to tell me it takes you 2weeks to email a digital credit when youswitch tickets!During this tim‚Ä¶ https://t.co/lz2z2oGPWb,0,False,"Vancouver, British Columbia",en,#UnitedAirlines
230,1333810452799877124,2020-12-01 16:29:27,@Bill_Maxwell_ My guess he is still trying to maintain #globalservices on #unitedairlines,0,False,,en,#UnitedAirlines
231,1333785971792302080,2020-12-01 14:52:10,"United Airlines, Boeing 777-300ER. Credit: https://t.co/3SCAzqLfSU #airliners #unitedairlines #united #boeing‚Ä¶ https://t.co/UZVLftXuyG",0,False,Argentina,en,#UnitedAirlines
0,1336703932752531456,2020-12-09 16:07:06,United Airlines Takes Delivery Of 737 Max After The Controversial Boeing Jet Was Cleared To Fly Again‚Ä¶ https://t.co/fY3jWOFhIm,0,False,"Lagos, Nigeria",en,#United_Airlines
